/*
SQLyog Ultimate v12.4.1 (64 bit)
MySQL - 5.1.37 : Database - dbs_absence
*********************************************************************
*/

/*!40101 SET NAMES utf8 */;

/*!40101 SET SQL_MODE=''*/;

/*!40014 SET @OLD_UNIQUE_CHECKS=@@UNIQUE_CHECKS, UNIQUE_CHECKS=0 */;
/*!40014 SET @OLD_FOREIGN_KEY_CHECKS=@@FOREIGN_KEY_CHECKS, FOREIGN_KEY_CHECKS=0 */;
/*!40101 SET @OLD_SQL_MODE=@@SQL_MODE, SQL_MODE='NO_AUTO_VALUE_ON_ZERO' */;
/*!40111 SET @OLD_SQL_NOTES=@@SQL_NOTES, SQL_NOTES=0 */;
CREATE DATABASE /*!32312 IF NOT EXISTS*/`dbs_absence` /*!40100 DEFAULT CHARACTER SET latin1 */;

USE `dbs_absent`;

/*Table structure for table `ci_sessions_ci` */

DROP TABLE IF EXISTS `ci_sessions_ci`;

CREATE TABLE `ci_sessions_ci` (
  `id` varchar(40) NOT NULL,
  `ip_address` varchar(45) NOT NULL,
  `timestamp` int(10) unsigned NOT NULL DEFAULT '0',
  `data` blob NOT NULL,
  PRIMARY KEY (`id`),
  KEY `ci_sessions_timestamp` (`timestamp`)
) ENGINE=MyISAM DEFAULT CHARSET=latin1;

/*Data for the table `ci_sessions_ci` */

/*Table structure for table `daemons` */

DROP TABLE IF EXISTS `daemons`;

CREATE TABLE `daemons` (
  `Start` text NOT NULL,
  `Info` text NOT NULL
) ENGINE=MyISAM DEFAULT CHARSET=utf8;

/*Data for the table `daemons` */

/*Table structure for table `gammu` */

DROP TABLE IF EXISTS `gammu`;

CREATE TABLE `gammu` (
  `Version` int(11) NOT NULL DEFAULT '0'
) ENGINE=MyISAM DEFAULT CHARSET=utf8;

/*Data for the table `gammu` */

insert  into `gammu`(`Version`) values 
(10),
(10),
(10),
(10),
(10);

/*Table structure for table `inbox` */

DROP TABLE IF EXISTS `inbox`;

CREATE TABLE `inbox` (
  `UpdatedInDB` timestamp NOT NULL DEFAULT CURRENT_TIMESTAMP ON UPDATE CURRENT_TIMESTAMP,
  `ReceivingDateTime` timestamp NOT NULL DEFAULT '0000-00-00 00:00:00',
  `Text` text NOT NULL,
  `SenderNumber` varchar(20) NOT NULL DEFAULT '',
  `Coding` enum('Default_No_Compression','Unicode_No_Compression','8bit','Default_Compression','Unicode_Compression') NOT NULL DEFAULT 'Default_No_Compression',
  `UDH` text NOT NULL,
  `SMSCNumber` varchar(20) NOT NULL DEFAULT '',
  `Class` int(11) NOT NULL DEFAULT '-1',
  `TextDecoded` text NOT NULL,
  `ID` int(10) unsigned NOT NULL AUTO_INCREMENT,
  `RecipientID` text NOT NULL,
  `Processed` enum('false','true') NOT NULL DEFAULT 'false',
  PRIMARY KEY (`ID`)
) ENGINE=MyISAM AUTO_INCREMENT=24 DEFAULT CHARSET=utf8;

/*Data for the table `inbox` */

insert  into `inbox`(`UpdatedInDB`,`ReceivingDateTime`,`Text`,`SenderNumber`,`Coding`,`UDH`,`SMSCNumber`,`Class`,`TextDecoded`,`ID`,`RecipientID`,`Processed`) values 
('2017-03-18 08:49:44','2017-02-15 20:28:07','0047005200410054004900530020003700200068006100720069002000700065007200740061006D006100200075006E00740075006B002000700065006C0061006E006700670061006E00200062006100720075002C00200064006F0077006E006C006F00610064002000720069006200750061006E002000670061006D00650073002000640061006E002000610070006C0069006B00610073006900200064006900200068007400740070003A002F002F003300730068006F0070002E007400720069002E0063006F002E006900640020004E0069006B006D0061007400690020007400650072007500730020006C006100790061006E0061006E00200069006E0069002000640067006E0020006200650072006C0061006E006700670061006E0061006E00200052007000200035006B002F006D00670067','4444','Default_No_Compression','','+628964011091',-1,'GRATIS 7 hari pertama untuk pelanggan baru, download ribuan games dan aplikasi di http://3shop.tri.co.id Nikmati terus layanan ini dgn berlangganan Rp 5k/mgg',1,'','false'),
('2017-03-18 08:49:44','2017-02-15 20:28:07','004D0061007500200064006F0077006E006C006F00610064002000720069006200750061006E002000670061006D006500730020007300650070007500610073006E00790061003F0020004B006C0069006B00200068007400740070003A002F002F003300730068006F0070002E007400720069002E0063006F002E00690064002000640061007200690020004800500020006B0061006D007500200073006B00720067002C002000680061006E0079006100200052007000200035002C003500300030002F006D00670067002C00200047005200410054004900530020003700200068006100720069002000700065007200740061006D006100200075006E00740075006B002000700065006C0061006E006700670061006E00200062006100720075002E','4444','Default_No_Compression','','+628964011091',-1,'Mau download ribuan games sepuasnya? Klik http://3shop.tri.co.id dari HP kamu skrg, hanya Rp 5,500/mgg, GRATIS 7 hari pertama untuk pelanggan baru.',2,'','false'),
('2017-03-18 08:49:44','2017-02-15 20:28:22','00530065006C0061006D00610074002C0020004B0061006D007500200064006100700061007400200062006F006E007500730020006B0075006F0074006100200033004700420028004A0061006D002000300030002D00300039002900200073002E0064002000310033002D004100550047002D003100370020002B002000500075006C00730061002000520070002E0032003500720062002000750074006B0020006E0065006C0070006F006E0020006B0065002000730065006D007500610020006F00700065007200610074006F00720020006400720020006A0061006D002000300030002D003100370020006200650072006C0061006B007500200033003000200068006100720069002000730065006A0061006B0020006B006100720074007500200061006B0074006900660020','234','Default_No_Compression','050003340201','+628964011098',-1,'Selamat, Kamu dapat bonus kuota 3GB(Jam 00-09) s.d 13-AUG-17 + Pulsa Rp.25rb utk nelpon ke semua operator dr jam 00-17 berlaku 30 hari sejak kartu aktif ',3,'','false'),
('2017-03-18 08:49:44','2017-02-15 20:28:22','002E002000480065006200610074006E007900610020006C0061006700690020006B0061006D00750020006400700074002000500055004100530020004E0047004F00420052004F004C0020006B0065002000730065006D007500610020006F00700065007200610074006F0072002000680061006E00790061002000520070002E003500350030002F006E0065006C0070006F006E0020006400690020004A0061006D002000310037002D00320034002E0049006E0066006F003A003100320033','234','Default_No_Compression','050003340202','+628964011098',-1,'. Hebatnya lagi kamu dpt PUAS NGOBROL ke semua operator hanya Rp.550/nelpon di Jam 17-24.Info:123',4,'','false'),
('2017-03-18 08:49:45','2017-02-15 20:28:08','00530065006C0061006D0061007400200062006500720067006100620075006E00670020006400690020005400720069002C0020006E0069006B006D0061007400690020006B0075006F007400610020003300470042002000750074006B00200033003000200068006100720069002E004B0075006F0074006100200061006B0061006E00200064006900700065007200700061006E006A0061006E00670020006F0074006F006D0061007400690073002000730065006C0061006D0061002000700075006C00730061002000630075006B00750070002E0020004E0069006B006D00610074006900200062006F006E007500730020006B0075006F007400610020006200650072006C0069007000610074002000680069006E006700670061002000310047004200200073006500740069','234','Default_No_Compression','050003250201','+628964011098',-1,'Selamat bergabung di Tri, nikmati kuota 3GB utk 30 hari.Kuota akan diperpanjang otomatis selama pulsa cukup. Nikmati bonus kuota berlipat hingga 1GB seti',5,'','false'),
('2017-03-18 08:49:45','2017-02-15 20:28:08','00610070002000700065007200700061006E006A0061006E00670061006E002E0020004B00610072007400750020006F0074006F006D00610074006900730020006D0065006E006A0061006400690020006E006F006E002D0061006B0074006900660020006A0069006B006100200064006C006D002000770061006B007400750020003300200062006C006E002000740064006B002000610064006100200061006B0074006900760069007400610073002000730061006D0061002000730065006B0061006C0069','234','Default_No_Compression','050003250202','+628964011098',-1,'ap perpanjangan. Kartu otomatis menjadi non-aktif jika dlm waktu 3 bln tdk ada aktivitas sama sekali',6,'','false'),
('2017-03-18 08:49:45','2017-02-15 20:28:07','00530065006C0061006D0061007400200062006500720067006100620075006E00670020006400690020005400720069002C0020006E0069006B006D0061007400690020006B0075006F007400610020003300470042002000730065006C0061006D0061002000330030002000680061007200690020002000640061006E002000640061007000610074006B0061006E00200044004F00550042004C00450020006B0075006F00740061002000730065007200740061002000700075006C007300610020006E0065006C0070006F006E0020006400670020006B006500740069006B0020004D0041005500200047004D00330020006B00650020003200330034','4444','Default_No_Compression','0500039F0301','+628964011091',-1,'Selamat bergabung di Tri, nikmati kuota 3GB selama 30 hari  dan dapatkan DOUBLE kuota serta pulsa nelpon dg ketik MAU GM3 ke 234',7,'','false'),
('2017-03-18 08:49:46','2017-02-15 20:28:07','0028004200650062006100730020006200690061007900610029002E004B0075006F007400610020007500740061006D006100200061006B0061006E00200064006900700065007200700061006E006A0061006E00670020006F0074006F006D0061007400690073002000730065006C0061006D0061002000700075006C007300610020006D0065006E00630075006B007500700069002E0020004E0069006B006D00610074006900200062006F006E007500730020006B0075006F007400610020006200650072006C0069007000610074002000680069006E0067006700610020003100470042002000640069002000730065007400690061007000200070','4444','Default_No_Compression','0500039F0302','+628964011091',-1,'(Bebas biaya).Kuota utama akan diperpanjang otomatis selama pulsa mencukupi. Nikmati bonus kuota berlipat hingga 1GB di setiap p',8,'','false'),
('2017-03-18 08:49:46','2017-02-15 20:28:07','0065007200700061006E006A0061006E00670061006E002E00200054007200750073002000670075006E0061006B0061006E0020006B006100720074007500200054007200690020006D0075002000610067006100720020006B006100720074007500200074006500740061007000200061006B007400690066002E00200049006E0066006F0020006C0065006E0067006B006100700020006400690020005400720069002E0063006F002E00690064','4444','Default_No_Compression','0500039F0303','+628964011091',-1,'erpanjangan. Trus gunakan kartu Tri mu agar kartu tetap aktif. Info lengkap di Tri.co.id',9,'','false'),
('2017-03-18 08:49:46','2017-02-21 22:22:23','004D0061006100660020006D0065006E00670065006E006100690020006D006100730061006C00610068002000700065006D006200610079006100720061006E006E007900610020006B0061006C006100750020006D00610075002000640069007300650074006F0072002F00640069007400720061006E007300660065007200200073006B00720067002C006C0061006E006700730075006E006700200061006A006100200068007500620075006E00670069002000610074006100730061006E00200073006100790061002000420070006B002E0041005200490053002E0054006C0070002F0073006D0073002000620065006C0069006100750020006400690020003000380039003600350031003500360037003800380038002E0073006F0061006C006E00790061002000610064','+6289611657624','Default_No_Compression','0500035F0201','+628964011098',-1,'Maaf mengenai masalah pembayarannya kalau mau disetor/ditransfer skrg,langsung aja hubungi atasan saya Bpk.ARIS.Tlp/sms beliau di 089651567888.soalnya ad',10,'','false'),
('2017-03-18 08:49:47','2017-02-21 22:22:25','0061002000700065007200750062006100680061006E002E0074006B0073002000200020002000200020002000200020','+6289611657624','Default_No_Compression','0500035F0202','+628964011098',-1,'a perubahan.tks         ',11,'','false'),
('2017-03-18 08:49:47','2017-02-27 16:30:03','00530065006C0061006D0061007400210020004B0061006D007500200064006100700061007400200055004E004C0049004D00490054004500440020004E0045004C0050004F004E0020006B0065002000730065006D007500610020006E006F006D006F0072002000640065006E00670061006E002000570068006100740073004100700070002000430061006C006C0020002F00200056006900640065006F00200075006E00740075006B002000320020006D0069006E0067006700750020002800670061002000700061006B006100690020006B0075006F0074006100200069006E007400650072006E00650074006D00750029002E002000590075006B0020006C0061006E006700730075006E0067002000740065006C0070006F006E002100200047003000340039','3','Default_No_Compression','','+628964011098',-1,'Selamat! Kamu dapat UNLIMITED NELPON ke semua nomor dengan WhatsApp Call / Video untuk 2 minggu (ga pakai kuota internetmu). Yuk langsung telpon! G049',12,'','false'),
('2017-03-18 08:49:47','2017-02-28 11:59:28','004400700074006B006E0020004B0075006F007400610020003100470042002000620072006C0061006B0075002000360020004A0061006D0020007300650074006900610070002000420065006C00690020004B0075006F0074006100200031004700420020003300680072002000480041004E005900410020005200700031003000720062002E002000550074006B0020006D0065006D00620065006C0069002000620061006C0061007300200053004D0053002000640067006E0020006B006500740069006B0020005A004400200061007400610075002000620065006C00690020006400690020002A003100310031002A00310023002E004B006800750073007500730020006800610072006900200069006E0069002000730061006A0061002E00200049006E0066006F003100320033002E004E0031003100360039','111','Default_No_Compression','','+628964011098',-1,'Dptkn Kuota 1GB brlaku 6 Jam setiap Beli Kuota 1GB 3hr HANYA Rp10rb. Utk membeli balas SMS dgn ketik ZD atau beli di *111*1#.Khusus hari ini saja. Info123.N1169',13,'','false'),
('2017-03-18 08:49:47','2017-03-04 09:06:57','004A0047004E0020004C00550050004100210020004B0061006D007500200064006100700061007400200055004E004C0049004D00490054004500440020004E0045004C0050004F004E0020006B0065002000730065006D007500610020006E006F006D006F0072002000640065006E00670061006E002000570068006100740073004100700070002000430061006C006C0020002F00200056006900640065006F0020002800570068006100740073004100700070002D0061006E002000670061002000700061006B006100690020006B0075006F0074006100200069006E007400650072006E00650074006D00750029002E002000590075006B0020006C0061006E006700730075006E0067002000740065006C0070006F006E002100200047003000340039','3','Default_No_Compression','','+628964011098',-1,'JGN LUPA! Kamu dapat UNLIMITED NELPON ke semua nomor dengan WhatsApp Call / Video (WhatsApp-an ga pakai kuota internetmu). Yuk langsung telpon! G049',14,'','false'),
('2017-03-18 08:49:48','2017-03-04 09:45:14','00490073006900200055006C0061006E006700200045006E006A006F00790021002000440061007000610074006B0061006E0020004B0045004A005500540041004E002000740069006100700020006900730069002000700075006C007300610020006D0069006E002000520070003500720062002000640072002000700072006F006700720061006D00200049007300690055006C0061006E006700200045006E006A006F0079002E002000410079006F0020006900730069002000700075006C00730061002000730065006B006100720061006E00670026006E0069006B006D0061007400690020004B0045004A005500540041004E006E00790061002100200049006E0066006F0020007700770077002E007400720069002E0063006F002E00690064002F0062006F006E007300740072006900200049003000330038','3','Default_No_Compression','','+628964011098',-1,'Isi Ulang Enjoy! Dapatkan KEJUTAN tiap isi pulsa min Rp5rb dr program IsiUlang Enjoy. Ayo isi pulsa sekarang&nikmati KEJUTANnya! Info www.tri.co.id/bonstri I038',15,'','false'),
('2017-03-18 08:49:48','2017-03-16 12:51:25','004D00610073006100200061006B00740069006600200047006500740020004D006F007200650020006B0061006D007500200062006500720061006B0068006900720020003100680061007200690020006C006100670069002E002000500061007300740069006B0061006E002000700075006C00730061002000630075006B007500700020002800520070002E003400300030003000300029002000640061006E0020006400700074006B0061006E0020006B0075006F0074006100200069006E007400650072006E006500740020006200650072006C0069007000610074002000740069006100700020006B0061006C0069002000700065007200700061006E006A0061006E00670061006E002E00430065006B00200073006900730061002000700075006C007300610020006400690020002A0031003200330023','234','Default_No_Compression','','+628964011098',-1,'Masa aktif Get More kamu berakhir 1hari lagi. Pastikan pulsa cukup (Rp.40000) dan dptkan kuota internet berlipat tiap kali perpanjangan.Cek sisa pulsa di *123#',16,'','false'),
('2017-03-18 08:49:48','2017-03-17 06:54:58','004D006100610066002000700075006C007300610020004B0061006D007500200074006900640061006B0020006D0065006E00630075006B007500700069002000750074006B002000700065007200700061006E006A0061006E00670061006E0020006B0075006F0074006100200047006500740020004D006F00720065002E00500061007300740069006B0061006E0020006100640061002000700075006C00730061002000630075006B00750070002000640061006E0020006400700074006B0061006E0020006B0075006F0074006100200069006E006500740020006200650072006C006900700061007400200074006900610070002000700065007200700061006E006A0061006E00670061006E002E00430065006B00200073006900730061002000700075006C00730061002000640069002A0031003200330023','234','Default_No_Compression','','+628964011098',-1,'Maaf pulsa Kamu tidak mencukupi utk perpanjangan kuota Get More.Pastikan ada pulsa cukup dan dptkan kuota inet berlipat tiap perpanjangan.Cek sisa pulsa di*123#',17,'','false'),
('2017-03-18 19:18:56','2017-03-19 08:49:32','00530065006C0061006D0061007400210020004B0061006D007500200062006100720075002000730061006A006100200062006500720067006100620075006E006700200064006900200049004D00330020004F006F007200650064006F006F00210020004F00700065007200610074006F0072002000790061006E006700200062006500720061006E006900200075006200610068002000610074007500720061006E0021002000590061006E00670020006C00610069006E002000700065006E007500680020006200610074006100730061006E002C0020006B0061006D0069002000620065007200690020006B0065006200650062006100730061006E002100200049006E0066006F003A0020007700770077002E0069006E0064006F007300610074006F006F007200650064006F006F002E0063006F006D','123','Default_No_Compression','','+62816124',-1,'Selamat! Kamu baru saja bergabung di IM3 Ooredoo! Operator yang berani ubah aturan! Yang lain penuh batasan, kami beri kebebasan! Info: www.indosatooredoo.com',18,'','false'),
('2017-03-18 19:18:56','2017-03-19 08:49:33','00470052004100540049005300200061006B007300650073002000660061006300650062006F006F006B002C0020006200650072006900740061002C0020007000650072006B00690072006100610061006E002000630075006100630061002C00200069006E0066006F0020006B0065007300650068006100740061006E002C00200064006C006C0020006D0065006C0061006C0075006900200068007400740070003A002F002F0046007200650065006200610073006900630073002E0063006F006D002E0055006E006400750068002000610070006C0069006B006100730069006E0079006100200064006900200050006C0061007900730074006F007200650020006400720020006B006100720074007500200049004D00330020004F006F007200650064006F006F0020006B0061006D0075','INDOSAT','Default_No_Compression','','+62816124',-1,'GRATIS akses facebook, berita, perkiraaan cuaca, info kesehatan, dll melalui http://Freebasics.com.Unduh aplikasinya di Playstore dr kartu IM3 Ooredoo kamu',19,'','false'),
('2017-03-18 19:18:57','2017-03-19 08:49:41','00530065006C0061006D0061007400200064006100740061006E006700200064006900200049004D00330020004F006F007200650064006F006F002E0020004E0069006B006D0061007400690020006200650062006100730020006E0065006C0070006F006E0020005200700031002F0064006500740069006B0020006B0065002000530045004D005500410020004F00500045005200410054004F0052002C002000440041004E00200042004F004E0055005300200049004E005400450052004E004500540041004E002000530045005400490041005000200048004100520049002C002000440049004A0041004D0049004E002000420055004B0041004E002000500052004F004D004F002100200049006E0066006F003A00200068007500620020003100380035','123','Default_No_Compression','','+62816124',-1,'Selamat datang di IM3 Ooredoo. Nikmati bebas nelpon Rp1/detik ke SEMUA OPERATOR, DAN BONUS INTERNETAN SETIAP HARI, DIJAMIN BUKAN PROMO! Info: hub 185',20,'','false'),
('2017-03-18 19:18:57','2017-03-19 08:49:42','00530065006C0061006D0061007400210020004B0061006D007500200062006100720075002000730061006A006100200062006500720067006100620075006E006700200064006900200049004D00330020004F006F007200650064006F006F00210020004F00700065007200610074006F0072002000790061006E006700200062006500720061006E006900200075006200610068002000610074007500720061006E0021002000590061006E00670020006C00610069006E002000700065006E007500680020006200610074006100730061006E002C0020006B0061006D0069002000620065007200690020006B0065006200650062006100730061006E002100200049006E0066006F003A0020007700770077002E0069006E0064006F007300610074006F006F007200650064006F006F002E0063006F006D','123','Default_No_Compression','','+62816124',-1,'Selamat! Kamu baru saja bergabung di IM3 Ooredoo! Operator yang berani ubah aturan! Yang lain penuh batasan, kami beri kebebasan! Info: www.indosatooredoo.com',21,'','false'),
('2017-03-18 19:18:57','2017-03-19 08:49:32','004B00680075007300750073002000620075006100740020006B0061006D0075002000700065006C0061006E006700670061006E00200049004D00330020004F006F007200650064006F006F002C0020006E0069006B006D006100740069002000730074007200650061006D0069006E00670020002F00200064006F0077006E006C006F00610064002000720069006200750061006E002000660069006C006D0020006D0065006C0061006C00750069002000490046004C00490058002C002000540041004E005000410020004200490041005900410020004200450052004C0041004E004700470041004E0041004E002E00200044006F0077006E006C006F00610064002000490046004C0049005800200064006900200068007400740070003A002F002F0069006D0033002E0064006F002F00690066006C00690078','INDOSAT','Default_No_Compression','','+62816124',-1,'Khusus buat kamu pelanggan IM3 Ooredoo, nikmati streaming / download ribuan film melalui IFLIX, TANPA BIAYA BERLANGGANAN. Download IFLIX di http://im3.do/iflix',22,'','false'),
('2017-03-18 19:18:57','2017-03-19 08:49:33','00530065006C0061006D0061007400200064006100740061006E006700200064006900200049006E0064006F0073006100740020004F006F007200650064006F006F002E0020005200650067006900730074007200610073006900200041006E0064006100200062006500720068006100730069006C002E002000550074006B00200069006E0066006F0072006D006100730069002000260020006B0065006D00750064006100680061006E0020006C006100790061006E0061006E002C002000730065006700650072006100200064006F0077006E006C006F00610064002000640061006E00200061006B007400690066006B0061006E002000410070006C0069006B0061007300690020006D00790043006100720065002000640069002000680061006E006400700068006F006E006500200041006E00640061002E','4444','Default_No_Compression','','+62816124',-1,'Selamat datang di Indosat Ooredoo. Registrasi Anda berhasil. Utk informasi & kemudahan layanan, segera download dan aktifkan Aplikasi myCare di handphone Anda.',23,'','false');

/*Table structure for table `outbox` */

DROP TABLE IF EXISTS `outbox`;

CREATE TABLE `outbox` (
  `UpdatedInDB` timestamp NOT NULL DEFAULT CURRENT_TIMESTAMP ON UPDATE CURRENT_TIMESTAMP,
  `InsertIntoDB` timestamp NOT NULL DEFAULT '0000-00-00 00:00:00',
  `SendingDateTime` timestamp NOT NULL DEFAULT '0000-00-00 00:00:00',
  `Text` text,
  `DestinationNumber` varchar(20) NOT NULL DEFAULT '',
  `Coding` enum('Default_No_Compression','Unicode_No_Compression','8bit','Default_Compression','Unicode_Compression') NOT NULL DEFAULT 'Default_No_Compression',
  `UDH` text,
  `Class` int(11) DEFAULT '-1',
  `TextDecoded` text NOT NULL,
  `ID` int(10) unsigned NOT NULL AUTO_INCREMENT,
  `MultiPart` enum('false','true') DEFAULT 'false',
  `RelativeValidity` int(11) DEFAULT '-1',
  `SenderID` varchar(255) DEFAULT NULL,
  `SendingTimeOut` timestamp NULL DEFAULT '0000-00-00 00:00:00',
  `DeliveryReport` enum('default','yes','no') DEFAULT 'default',
  `CreatorID` text NOT NULL,
  PRIMARY KEY (`ID`),
  KEY `outbox_date` (`SendingDateTime`,`SendingTimeOut`),
  KEY `outbox_sender` (`SenderID`)
) ENGINE=MyISAM AUTO_INCREMENT=1940 DEFAULT CHARSET=utf8;

/*Data for the table `outbox` */

insert  into `outbox`(`UpdatedInDB`,`InsertIntoDB`,`SendingDateTime`,`Text`,`DestinationNumber`,`Coding`,`UDH`,`Class`,`TextDecoded`,`ID`,`MultiPart`,`RelativeValidity`,`SenderID`,`SendingTimeOut`,`DeliveryReport`,`CreatorID`) values 
('2017-09-19 04:00:48','0000-00-00 00:00:00','2017-09-19 06:11:12',NULL,'082376475617','Default_No_Compression',NULL,-1,'Yth.Orang Tua/Wali Anak anda:emil | NIS:1720006 | Tgl:19-09-2017 Telah selesai belajar jam 06:00 Wita',1939,'false',-1,NULL,'0000-00-00 00:00:00','default',''),
('2017-09-19 04:00:48','0000-00-00 00:00:00','2017-09-19 06:11:12',NULL,'081299028833','Default_No_Compression',NULL,-1,'Yth.Orang Tua/Wali Anak anda:erliana | NIS:1720008 | Tgl:19-09-2017 Telah selesai belajar jam 06:00 Wita',1938,'false',-1,NULL,'0000-00-00 00:00:00','default',''),
('2017-09-19 04:00:48','0000-00-00 00:00:00','2017-09-19 06:11:12',NULL,'082376475617','Default_No_Compression',NULL,-1,'Yth.Orang Tua/Wali Anak anda:herianti | NIS:12001 | Tgl:19-09-2017 Telah selesai belajar jam 06:01 Wita',1937,'false',-1,NULL,'0000-00-00 00:00:00','default','');

/*Table structure for table `outbox_multipart` */

DROP TABLE IF EXISTS `outbox_multipart`;

CREATE TABLE `outbox_multipart` (
  `Text` text,
  `Coding` enum('Default_No_Compression','Unicode_No_Compression','8bit','Default_Compression','Unicode_Compression') NOT NULL DEFAULT 'Default_No_Compression',
  `UDH` text,
  `Class` int(11) DEFAULT '-1',
  `TextDecoded` text,
  `ID` int(10) unsigned NOT NULL DEFAULT '0',
  `SequencePosition` int(11) NOT NULL DEFAULT '1',
  PRIMARY KEY (`ID`,`SequencePosition`)
) ENGINE=MyISAM DEFAULT CHARSET=utf8;

/*Data for the table `outbox_multipart` */

/*Table structure for table `pbk` */

DROP TABLE IF EXISTS `pbk`;

CREATE TABLE `pbk` (
  `ID` int(11) NOT NULL AUTO_INCREMENT,
  `GroupID` int(11) NOT NULL DEFAULT '-1',
  `Name` text NOT NULL,
  `Number` text NOT NULL,
  PRIMARY KEY (`ID`)
) ENGINE=MyISAM DEFAULT CHARSET=utf8;

/*Data for the table `pbk` */

/*Table structure for table `pbk_groups` */

DROP TABLE IF EXISTS `pbk_groups`;

CREATE TABLE `pbk_groups` (
  `Name` text NOT NULL,
  `ID` int(11) NOT NULL AUTO_INCREMENT,
  PRIMARY KEY (`ID`)
) ENGINE=MyISAM DEFAULT CHARSET=utf8;

/*Data for the table `pbk_groups` */

/*Table structure for table `phones` */

DROP TABLE IF EXISTS `phones`;

CREATE TABLE `phones` (
  `ID` text NOT NULL,
  `UpdatedInDB` timestamp NOT NULL DEFAULT CURRENT_TIMESTAMP ON UPDATE CURRENT_TIMESTAMP,
  `InsertIntoDB` timestamp NOT NULL DEFAULT '0000-00-00 00:00:00',
  `TimeOut` timestamp NOT NULL DEFAULT '0000-00-00 00:00:00',
  `Send` enum('yes','no') NOT NULL DEFAULT 'no',
  `Receive` enum('yes','no') NOT NULL DEFAULT 'no',
  `IMEI` varchar(35) NOT NULL,
  `Client` text NOT NULL,
  `Battery` int(11) NOT NULL DEFAULT '0',
  `Signal` int(11) NOT NULL DEFAULT '0',
  `Sent` int(11) NOT NULL DEFAULT '0',
  `Received` int(11) NOT NULL DEFAULT '0',
  PRIMARY KEY (`IMEI`)
) ENGINE=MyISAM DEFAULT CHARSET=utf8;

/*Data for the table `phones` */

insert  into `phones`(`ID`,`UpdatedInDB`,`InsertIntoDB`,`TimeOut`,`Send`,`Receive`,`IMEI`,`Client`,`Battery`,`Signal`,`Sent`,`Received`) values 
('','2017-03-18 21:35:59','2017-03-18 20:02:30','2017-03-18 21:36:09','yes','yes','356793032634115','Gammu 1.25.0, Windows Server 2007, GCC 4.3, MinGW 3.15',100,66,2,0);

/*Table structure for table `sentitems` */

DROP TABLE IF EXISTS `sentitems`;

CREATE TABLE `sentitems` (
  `UpdatedInDB` timestamp NOT NULL DEFAULT CURRENT_TIMESTAMP ON UPDATE CURRENT_TIMESTAMP,
  `InsertIntoDB` timestamp NOT NULL DEFAULT '0000-00-00 00:00:00',
  `SendingDateTime` timestamp NOT NULL DEFAULT '0000-00-00 00:00:00',
  `DeliveryDateTime` timestamp NULL DEFAULT NULL,
  `Text` text NOT NULL,
  `DestinationNumber` varchar(20) NOT NULL DEFAULT '',
  `Coding` enum('Default_No_Compression','Unicode_No_Compression','8bit','Default_Compression','Unicode_Compression') NOT NULL DEFAULT 'Default_No_Compression',
  `UDH` text NOT NULL,
  `SMSCNumber` varchar(20) NOT NULL DEFAULT '',
  `Class` int(11) NOT NULL DEFAULT '-1',
  `TextDecoded` text NOT NULL,
  `ID` int(10) unsigned NOT NULL DEFAULT '0',
  `SenderID` varchar(255) NOT NULL,
  `SequencePosition` int(11) NOT NULL DEFAULT '1',
  `Status` enum('SendingOK','SendingOKNoReport','SendingError','DeliveryOK','DeliveryFailed','DeliveryPending','DeliveryUnknown','Error') NOT NULL DEFAULT 'SendingOK',
  `StatusError` int(11) NOT NULL DEFAULT '-1',
  `TPMR` int(11) NOT NULL DEFAULT '-1',
  `RelativeValidity` int(11) NOT NULL DEFAULT '-1',
  `CreatorID` text NOT NULL,
  PRIMARY KEY (`ID`,`SequencePosition`),
  KEY `sentitems_date` (`DeliveryDateTime`),
  KEY `sentitems_tpmr` (`TPMR`),
  KEY `sentitems_dest` (`DestinationNumber`),
  KEY `sentitems_sender` (`SenderID`)
) ENGINE=MyISAM DEFAULT CHARSET=utf8;

/*Data for the table `sentitems` */

insert  into `sentitems`(`UpdatedInDB`,`InsertIntoDB`,`SendingDateTime`,`DeliveryDateTime`,`Text`,`DestinationNumber`,`Coding`,`UDH`,`SMSCNumber`,`Class`,`TextDecoded`,`ID`,`SenderID`,`SequencePosition`,`Status`,`StatusError`,`TPMR`,`RelativeValidity`,`CreatorID`) values 
('2017-03-18 08:50:11','2010-08-04 02:51:57','2017-03-18 08:50:11',NULL,'0069006E007300740061006C00610073006900200073006D0073002D00670061006D006D0075002000730075006B007300650073','085769010001','Default_No_Compression','','+6289644000001',-1,'instalasi sms-gammu sukses',7,'',1,'SendingError',-1,-1,255,''),
('2017-03-18 20:03:26','0000-00-00 00:00:00','2017-03-18 20:03:26',NULL,'005900740068002E004F00720061006E00670020005400750061002F00570061006C006900200041006E0061006B00200061006E00640061003A0065006D0069006C0020007C0020004E00490053003A00310037003200300030003000360020007C002000520065006B006100700020004B0065006800610064006900720061006E00200064006100720069002000300031002D00300033002D003200300031003700200073002F0064002000300038002D00300033002D00320030003100370020007300620062003A002000480061006400690072003A00300020007C00200041006C00700061003A00310020007C00200049007A0069006E003A00300020007C002000530061006B00690074003A0031','082376475617','Default_No_Compression','','+62816124',-1,'Yth.Orang Tua/Wali Anak anda:emil | NIS:1720006 | Rekap Kehadiran dari 01-03-2017 s/d 08-03-2017 sbb: Hadir:0 | Alpa:1 | Izin:0 | Sakit:1',10,'',1,'SendingError',-1,-1,255,''),
('2017-03-18 20:07:54','0000-00-00 00:00:00','2017-03-18 20:07:54',NULL,'005900740068002E004F00720061006E00670020005400750061002F00570061006C006900200041006E0061006B00200061006E00640061003A00520069006B00650020007C0020004E00490053003A00310037003200300030003000350020007C002000520065006B006100700020004B0065006800610064006900720061006E00200064006100720069002000300031002D00300033002D003200300031003700200073002F0064002000300038002D00300033002D00320030003100370020007300620062003A002000480061006400690072003A00310020007C00200041006C00700061003A00300020007C00200049007A0069006E003A00300020007C002000530061006B00690074003A0031','081299028833','Default_No_Compression','','+62816124',-1,'Yth.Orang Tua/Wali Anak anda:Rike | NIS:1720005 | Rekap Kehadiran dari 01-03-2017 s/d 08-03-2017 sbb: Hadir:1 | Alpa:0 | Izin:0 | Sakit:1',11,'',1,'SendingError',-1,-1,255,'');

/*Table structure for table `sms_auto` */

DROP TABLE IF EXISTS `sms_auto`;

CREATE TABLE `sms_auto` (
  `id_pesan` int(3) NOT NULL AUTO_INCREMENT,
  `isi` text,
  `jenis` varchar(30) DEFAULT NULL,
  PRIMARY KEY (`id_pesan`)
) ENGINE=MyISAM AUTO_INCREMENT=7 DEFAULT CHARSET=latin1;

/*Data for the table `sms_auto` */

insert  into `sms_auto`(`id_pesan`,`isi`,`jenis`) values 
(1,'Yth.Orang Tua/Wali Anak anda:nama_i | NIS:nis_i | Tgl:tgl_i Tiba di sekolah jam jam_i Wita','Pesan Tiba'),
(3,'Yth.Orang Tua/Wali Anak anda:nama_i | NIS:nis_i | Rekap Kehadiran dari tgl1_i s/d tgl2_i sbb: Hadir:hadir_i | Alpa:alpa_i | Izin:izin_i | Sakit:sakit_i','Pesan Rekap'),
(2,'Yth.Orang Tua/Wali Anak anda:nama_i | NIS:nis_i | Tgl:tgl_i Telah selesai belajar jam jam_i Wita','Pesan Pulang');

/*Table structure for table `tabel_absen` */

DROP TABLE IF EXISTS `tabel_absen`;

CREATE TABLE `tabel_absen` (
  `id_absen` int(10) NOT NULL AUTO_INCREMENT,
  `id_penempatan` int(10) NOT NULL,
  `tgl` varchar(20) NOT NULL,
  `jam_masuk` varchar(20) NOT NULL,
  `absen_masuk` varchar(20) NOT NULL,
  `valid_masuk` varchar(10) DEFAULT NULL,
  `sms_masuk` varchar(50) DEFAULT NULL,
  `jam_pulang` varchar(20) NOT NULL,
  `absen_pulang` varchar(20) NOT NULL,
  `valid_pulang` varchar(10) DEFAULT NULL,
  `sms_pulang` varchar(50) DEFAULT NULL,
  PRIMARY KEY (`id_absen`)
) ENGINE=InnoDB DEFAULT CHARSET=latin1;

/*Data for the table `tabel_absen` */

/*Table structure for table `tabel_absen_mapel` */

DROP TABLE IF EXISTS `tabel_absen_mapel`;

CREATE TABLE `tabel_absen_mapel` (
  `id_absen_mapel` int(10) NOT NULL AUTO_INCREMENT,
  `id_penempatan` int(20) DEFAULT NULL,
  `id_jadwal` int(10) DEFAULT NULL,
  `tgl` varchar(30) DEFAULT NULL,
  `jam` varchar(20) DEFAULT NULL,
  `absen` varchar(30) DEFAULT NULL,
  `valid` varchar(30) DEFAULT NULL,
  `rekap` varchar(30) DEFAULT NULL,
  `status` varchar(20) DEFAULT NULL,
  PRIMARY KEY (`id_absen_mapel`)
) ENGINE=InnoDB AUTO_INCREMENT=79 DEFAULT CHARSET=latin1;

/*Data for the table `tabel_absen_mapel` */

insert  into `tabel_absen_mapel`(`id_absen_mapel`,`id_penempatan`,`id_jadwal`,`tgl`,`jam`,`absen`,`valid`,`rekap`,`status`) values 
(47,253,2,'14-11-2017','15:19','hadir','','',''),
(48,254,2,'14-11-2017','15:19','alpha','','',''),
(49,283,2,'14-11-2017','15:23','sakit','','',''),
(50,253,1,'14-11-2017','15:26','hadir','valid','-',''),
(51,254,1,'14-11-2017','15:26','izin','valid','-',''),
(52,255,1,'14-11-2017','15:26','izin','valid','-',''),
(53,256,1,'14-11-2017','15:26','sakit','valid','-',''),
(54,257,1,'14-11-2017','15:27','hadir','valid','-',''),
(55,258,1,'14-11-2017','15:27','hadir','valid','-',''),
(56,282,1,'14-11-2017','15:27','hadir','valid','-',''),
(57,281,1,'14-11-2017','15:27','izin','valid','-',''),
(58,280,1,'14-11-2017','15:27','hadir','valid','-',''),
(59,283,1,'14-11-2017','15:27','hadir','valid','-',''),
(60,279,1,'14-11-2017','15:27','hadir','valid','-',''),
(61,277,1,'14-11-2017','15:27','hadir','valid','-',''),
(62,265,1,'14-11-2017','15:27','alpha','valid','-',''),
(63,276,1,'14-11-2017','15:28','izin','valid','-',''),
(64,260,1,'14-11-2017','15:28','izin','valid','-',''),
(65,259,1,'14-11-2017','15:28','alpha','valid','-',''),
(66,266,1,'14-11-2017','15:28','alpha','valid','-',''),
(67,261,1,'14-11-2017','15:28','hadir','valid','-',''),
(68,264,1,'14-11-2017','15:28','hadir','valid','-',''),
(69,262,1,'14-11-2017','15:28','hadir','valid','-',''),
(70,267,1,'14-11-2017','15:28','hadir','valid','-',''),
(71,268,1,'14-11-2017','15:29','hadir','valid','-',''),
(72,269,1,'14-11-2017','15:29','hadir','valid','-',''),
(73,275,1,'14-11-2017','15:29','hadir','valid','-',''),
(74,274,1,'14-11-2017','15:29','hadir','valid','-',''),
(75,270,1,'14-11-2017','15:29','hadir','valid','-',''),
(76,271,1,'14-11-2017','15:29','hadir','valid','-',''),
(77,272,1,'14-11-2017','15:29','hadir','valid','-',''),
(78,273,1,'14-11-2017','15:29','hadir','valid','-','');

/*Table structure for table `tabel_cabang` */

DROP TABLE IF EXISTS `tabel_cabang`;

CREATE TABLE `tabel_cabang` (
  `id_cabang` int(5) NOT NULL AUTO_INCREMENT,
  `cabang` varchar(10) DEFAULT NULL,
  PRIMARY KEY (`id_cabang`)
) ENGINE=InnoDB DEFAULT CHARSET=latin1;

/*Data for the table `tabel_cabang` */

/*Table structure for table `tabel_guru` */

DROP TABLE IF EXISTS `tabel_guru`;

CREATE TABLE `tabel_guru` (
  `id_guru` int(5) NOT NULL AUTO_INCREMENT,
  `id_jenjang` int(5) DEFAULT NULL,
  `nik` varchar(50) DEFAULT NULL,
  `nama` varchar(30) DEFAULT NULL,
  `no_ktp` varchar(50) NOT NULL,
  `alias` varchar(30) DEFAULT NULL,
  `jenis_kelamin` varchar(10) DEFAULT NULL,
  `tempat_lahir` varchar(50) DEFAULT NULL,
  `tgl_lahir` varchar(30) DEFAULT NULL,
  `agama` varchar(50) DEFAULT NULL,
  `no_hp` varchar(30) DEFAULT NULL,
  `email` varchar(30) DEFAULT NULL,
  `ijazah` varchar(20) DEFAULT NULL,
  `pend_terakhir` varchar(100) DEFAULT NULL,
  `gambar` text,
  `alamat` varchar(255) DEFAULT NULL,
  `unit_kerja` varchar(50) DEFAULT NULL,
  `tmt` varchar(20) DEFAULT NULL,
  PRIMARY KEY (`id_guru`)
) ENGINE=InnoDB AUTO_INCREMENT=181 DEFAULT CHARSET=latin1;

/*Data for the table `tabel_guru` */

insert  into `tabel_guru`(`id_guru`,`id_jenjang`,`nik`,`nama`,`no_ktp`,`alias`,`jenis_kelamin`,`tempat_lahir`,`tgl_lahir`,`agama`,`no_hp`,`email`,`ijazah`,`pend_terakhir`,`gambar`,`alamat`,`unit_kerja`,`tmt`) values 
(118,24,'198401302006042008','ARSIYANI USMAN, S.Pd','0','ASRIYANI','perempuan','0','30-10-2017','Islam','0','0','S1','','','0','SMP NEGERI 8','30-10-2017'),
(119,24,'196511281992032007','HJ. RISMAWATI, S.Pd','0','RISMAWATI','perempuan','','','Islam','+628','','','','','','SMP NEGERI 8',''),
(120,24,'196501271987032011','HJ. NURDIANA NAWIR, S.Pd.M.SI','0','NURDIANA','perempuan','MAKASSAR','30-10-2017','Islam','+628','','','','','','SMP NEGERI 8',''),
(121,24,'197002091995121002','ABDUL HARIS KURNIAWAN','7371130902700005','ABDU HARIS ','laki-laki','UJUNG PANDANG','09-02-1970','Islam','085342120308','k_abdulharis@yahoo.co.id','','','','Komp. UNM F2/7','SMP NEGERI 8','05-11-2017'),
(122,24,'196612311991031090','ABDUL KARIM','7371123112660037','KARIM','laki-laki','BIMA','31-12-1966','Islam','081342796022','k-abdulkarim66@yahoo.co.id','','','','Jl.Batua Raya 1 No.14.D','SMP NEGERI 8',''),
(123,24,'198011212008012014','ADRIANA','7371096111800012','ADRIANA','perempuan','PINRANG','21-11-1980','Islam','085242066100','anaainun80@gmail.com','','','','TAMALANREA','SMP NEGERI 8',''),
(124,24,'196312311997021003','AMBO ANGKA','7371113112630138','AMBO','laki-laki','WAJO','31-12-1963','Islam','081343604039','amboangka08@gmail.com','','','','BTP  Blk.AF no.77','SMP NEGERI 8',''),
(125,24,'197710102008012016','AMIRA TANRA','7371115010770036','AMIRA','perempuan','SOPPENG','10-10-1977','Islam','085255522094','amiratanra77@yahoo.co.id','','','','Permata Sudiang Raya J 12 No.13','SMP NEGERI 8','05-11-2017'),
(126,24,'195711271983012002','ANDI ALANG PAS','7371126711570002','ALANG','laki-laki','SELAYAR','27-11-1957','Islam','085656750072','andialangpas08@gmail.com','','','','Jl. AMD  Borong Jambu','SMP NEGERI 8','05-11-2017'),
(127,24,'196812311992031071','ANDI MUH HARWING','7371123112680092','HARWING','laki-laki','','','','085242740598','','','','','','',''),
(128,24,'196612051988122003','ANDI SADDIA','7371120512970512','ANDI SADDIA','laki-laki','','','','081342952292','','','','','','',''),
(129,24,'196901051998031013','ASRAN','7371090501690012','ASRAN','laki-laki','','','','081342768471','','','','','','',''),
(130,24,'198401302006642008','ASRIYANI SUMAN','7311127001844002','ASRIYANI','laki-laki','','','','081342624993','','','','','','',''),
(131,24,'196004271983032005','DAMARIS PATIUNG','7371146704600002','DAMARIS','perempuan','','','','081342624993','','','','','','',''),
(132,24,'195812311984011016','Drs. JUFRI SAMMENG, M.PdI','7371143112580080','JUFRI','laki-laki','','','Islam','082348165355','','','','','','',''),
(133,24,'196403271988032007','DARMAWATI','7371136703640001','DARMAWATI','laki-laki','','','','081355696655','','','','','','',''),
(134,24,'196109121983022003','EMMI','7371095209610003','EMMI','laki-laki','','','','081244248708','','','','','','',''),
(135,24,'196012311987032070','FARIDA MUIN','7371036411600004','FARIDA','perempuan','','','','085342899023','','','','','','',''),
(136,24,'197102281997021003','FIRMAN','7371092802710010','FIRMAN','laki-laki','','','','08124226443','','','','','','',''),
(137,24,'197108101995122002','HADISA','7306075008710001','HADISAH','perempuan','','','','082194518849','','','','','','',''),
(138,24,'196908092014102002','HAFSAH','7371134908690004','HAFSAH','perempuan','','','','085255299489','','','','','','',''),
(139,24,'196810111998032003','HERAWATI,S.,S.Pd','7371145110680007','HR','perempuan','','','','081355177681','','','','','','',''),
(140,24,'195909301980032003','HIDAYATI MASSAUD','7371137009590002','HIDAYATI','laki-laki','','','','085399907615','','','','','','',''),
(141,24,'196510071988032014','HUSNIATI','7371124710650002','HUSNIATI','laki-laki','','','','081543240285','','','','','','',''),
(142,24,'196605181989032011','INDRIANY ISMAIL','7371125805660001','INDRIANY','laki-laki','','','','081342181382','','','','','','',''),
(143,24,'196106261983012002','JAOHAR TAHIR','7371096606610001','JAOHAR','laki-laki','','','','081355991833','','','','','','',''),
(144,24,'197005062000032001','KATRINA UPA','7371114605700007','KATRINA','perempuan','','','','085240636495','','','','','','',''),
(145,24,'195912311984031104','KURSIN','7371093112590066','KURSIN','perempuan','','','','081343560148','','','','','','',''),
(146,24,'195601281980031007','M. KUDDUS','7371122801560001','KUDDUS','laki-laki','','','','085299140405','','','','','','',''),
(147,24,'196307131994121003','MA\'LUM','7371111307630001','MA\'LUM','laki-laki','','','','081241042584','','','','','','',''),
(148,24,'195912311984032068','MALKAH','7371147012590003','MALKAH','perempuan','','','','85342830994','','','','','','',''),
(149,24,'197104011997022002','MASNIATUROFIKOH','7371134104710006','MASNI','perempuan','','','','085399333592','','','','','','',''),
(150,24,'195903041980031014','MUH. YUNUS','7371090403590001','YUNUS','laki-laki','','','','085399693440','','','','','','',''),
(151,24,'196412311984122022','MULIATI T','737112711264109 ','MULIATI','laki-laki','','','','08','','','','','','',''),
(152,24,'196709021994122002','MURNIATI YAMIN','7371094209670009','MURNIATI','laki-laki','','','','081354938661','','','','','','',''),
(153,24,'196711211989032007','MUSLANG','7371116111670002','MUSLANG','laki-laki','','','','08','','','','','','',''),
(154,24,'196705021998032003','MUSRIBA','7309134205670001','MUSRIBA','perempuan','','','','082187523498','','','','','','',''),
(155,24,'196107231984121003','MUSTAKIM','7371142307610002','MUSTAKIM','laki-laki','','','','081355115217','','','','','','',''),
(156,24,'196412311986032174','NATIJAH','7371147112640042','NATIJAH','perempuan','','','','081241779780','','','','','','',''),
(157,24,'196902192007012014','NUR\'AENI AR','7371115902690003','NUR\'AENI','laki-laki','','','','081342651348','','','','','','',''),
(158,24,'196811061995122001','NUR ASIA','7371064611680002','NUR ASIA','perempuan','','','','085299049911','','','','','','',''),
(159,24,'196501271987032011','NURDIANA NAWIR','7371096701650001','NURDIANA','perempuan','','','','081354848402','','','','','','',''),
(160,24,'196809121994122003','NURHAEDAH','7371135209680009','NURHAEDAH','laki-laki','','','','081342658607','','','','','','',''),
(161,24,'196808241994122003','NURHIDAYAH MASRI','7371126408690004','NURHIDAYAH','laki-laki','','','','085398035500','','','','','','',''),
(162,24,'196105161984112001','NURLIAH','7371095605610004','NURLIAH','perempuan','','','','085341260004','','','','','','',''),
(163,24,'196204211989031013','PATTAUNGAN','7371102104620001','PATTAUNGAN','laki-laki','','','','081355500290','','','','','','',''),
(164,24,'197110231998021001','PUTRA JAYA','7371132310710006','PUTRA','laki-laki','','','','082187210007','','','','','','',''),
(165,24,'196511281992032007','RISMAWATI','7371126811650001','RISMAWATI','perempuan','','','','081355783755','','','','','','',''),
(166,24,'197712312008012025','ROSMANIAR','7371127110770004','ROSMANIAR','laki-laki','','','','085242969178','','','','','','',''),
(167,24,'196808181991031007','RUSLAN','7306081808650010','RUSLAN','laki-laki','','','','081354821609','','','','','','',''),
(168,24,'197502252010042001','RUT TOMBI','7371096502750010','RUT','laki-laki','','','','081331945872','','','','','','',''),
(169,24,'196012201981112004','SALIA MASIRRI','7371126012600000','SALIA','perempuan','','','','085399255505','','','','','','',''),
(170,24,'197302162000122002','SITTI AZIZIAH','7371105602730013','SITTI','laki-laki','','','','08','','','','','','',''),
(171,24,'196402181984112002','SITTI HARTINI, S.Pd','7309145802640001','SH','perempuan','','','','085341874806','','','','','','',''),
(172,24,'196506111990012001','SITTI HASMIAH','7371125106650002','HASMIAH','laki-laki','','','','085341993711','','','','','','',''),
(173,24,'196005171983032016','SITTI MARYAM GURU','7371126705600001','SITTI MARYAM','perempuan','','','','081355247620','','','','','','',''),
(174,24,'197008021998021002','SUDIHAK, S.Pd.,M.Pd','7371130208700001','SK','laki-laki','','','','081343797649','','','','','','',''),
(175,24,'195707041979032003','SUMIATI','7371024407570003','SUMIATI','laki-laki','','','','081241552663','','','','','','',''),
(176,24,'197103181992032007','SYARIFAH MUNAWWARAH','7371125803710000','SYARIFAH','laki-laki','','','','085299011846','','','','','','',''),
(177,24,'196412311994031095','USAMA','7371133112640000','USAMA','laki-laki','','','','082194830865','','','','','','',''),
(178,24,'196910151993032006','VADMAWANSARI KAMARIAH','7371125510690005','VADMAWANSARI','perempuan','','','','081342981019','','','','','','',''),
(179,24,'197906252006042015','WAHYUNINGSIH','7371136507790014','NINGSIH','laki-laki','','','','085349070764','','','','','','',''),
(180,24,'195807301981012006','YULIATI','7371127007580001','YULIATI','laki-laki','','','','081241309994','','','','','','','');

/*Table structure for table `tabel_jadwal` */

DROP TABLE IF EXISTS `tabel_jadwal`;

CREATE TABLE `tabel_jadwal` (
  `id_jadwal` int(10) NOT NULL AUTO_INCREMENT,
  `id_ta` int(10) DEFAULT NULL,
  `id_jenjang` int(5) DEFAULT NULL,
  `id_kelas` int(5) DEFAULT NULL,
  `id_mapel` int(10) DEFAULT NULL,
  `id_guru` int(10) DEFAULT NULL,
  `hari` varchar(30) DEFAULT NULL,
  `jam_awal` varchar(30) DEFAULT NULL,
  `jam_akhir` varchar(30) DEFAULT NULL,
  `status` varchar(10) DEFAULT NULL,
  PRIMARY KEY (`id_jadwal`)
) ENGINE=InnoDB AUTO_INCREMENT=6 DEFAULT CHARSET=latin1;

/*Data for the table `tabel_jadwal` */

insert  into `tabel_jadwal`(`id_jadwal`,`id_ta`,`id_jenjang`,`id_kelas`,`id_mapel`,`id_guru`,`hari`,`jam_awal`,`jam_akhir`,`status`) values 
(1,11,24,42,10,118,'2 Selasa','15.33','16.30',''),
(2,11,24,42,10,119,'2 Selasa','14:00','15:30',''),
(3,11,24,42,12,119,'1 Senin','08:00','09:00','masuk'),
(4,11,24,42,20,119,'1 Senin','09:30','10:30',''),
(5,11,24,42,19,119,'3 Rabu','08:00','09:00','masuk');

/*Table structure for table `tabel_jenjang` */

DROP TABLE IF EXISTS `tabel_jenjang`;

CREATE TABLE `tabel_jenjang` (
  `id_jenjang` int(5) NOT NULL AUTO_INCREMENT,
  `jenjang` varchar(20) DEFAULT NULL,
  `jam_masuk` varchar(30) NOT NULL,
  `jam_pulang` varchar(30) NOT NULL,
  PRIMARY KEY (`id_jenjang`)
) ENGINE=InnoDB AUTO_INCREMENT=25 DEFAULT CHARSET=latin1;

/*Data for the table `tabel_jenjang` */

insert  into `tabel_jenjang`(`id_jenjang`,`jenjang`,`jam_masuk`,`jam_pulang`) values 
(24,'SMP','07.45','14.00');

/*Table structure for table `tabel_kalender` */

DROP TABLE IF EXISTS `tabel_kalender`;

CREATE TABLE `tabel_kalender` (
  `id_kalender` int(5) NOT NULL AUTO_INCREMENT,
  `tanggal` varchar(100) DEFAULT NULL,
  `agenda` text,
  `keterangan` text,
  PRIMARY KEY (`id_kalender`)
) ENGINE=InnoDB AUTO_INCREMENT=3 DEFAULT CHARSET=latin1;

/*Data for the table `tabel_kalender` */

insert  into `tabel_kalender`(`id_kalender`,`tanggal`,`agenda`,`keterangan`) values 
(2,'12 Maret 2017 - 13 April 2017','UAS','-');

/*Table structure for table `tabel_kat_mapel` */

DROP TABLE IF EXISTS `tabel_kat_mapel`;

CREATE TABLE `tabel_kat_mapel` (
  `id_kat_mapel` int(5) NOT NULL AUTO_INCREMENT,
  `kategori_mapel` varchar(50) DEFAULT NULL,
  PRIMARY KEY (`id_kat_mapel`)
) ENGINE=InnoDB AUTO_INCREMENT=4 DEFAULT CHARSET=latin1;

/*Data for the table `tabel_kat_mapel` */

insert  into `tabel_kat_mapel`(`id_kat_mapel`,`kategori_mapel`) values 
(0,'Teori'),
(2,'Kognitif'),
(3,'Praktikum');

/*Table structure for table `tabel_kategori` */

DROP TABLE IF EXISTS `tabel_kategori`;

CREATE TABLE `tabel_kategori` (
  `id_kategori` int(5) NOT NULL AUTO_INCREMENT,
  `kategori` varchar(50) DEFAULT NULL,
  `link` text,
  PRIMARY KEY (`id_kategori`)
) ENGINE=InnoDB AUTO_INCREMENT=4 DEFAULT CHARSET=latin1;

/*Data for the table `tabel_kategori` */

insert  into `tabel_kategori`(`id_kategori`,`kategori`,`link`) values 
(1,'Pendaftaran','Pendaftaran'),
(2,'Info PSB','Info-PSB'),
(3,'Beranda','Beranda');

/*Table structure for table `tabel_kelas` */

DROP TABLE IF EXISTS `tabel_kelas`;

CREATE TABLE `tabel_kelas` (
  `id_kelas` int(3) NOT NULL AUTO_INCREMENT,
  `kelas` varchar(20) NOT NULL,
  `id_guru` int(3) DEFAULT NULL,
  `id_jenjang` int(5) DEFAULT NULL,
  PRIMARY KEY (`id_kelas`),
  KEY `id_guru` (`id_guru`)
) ENGINE=InnoDB AUTO_INCREMENT=45 DEFAULT CHARSET=latin1;

/*Data for the table `tabel_kelas` */

insert  into `tabel_kelas`(`id_kelas`,`kelas`,`id_guru`,`id_jenjang`) values 
(38,'VII.2',119,24),
(39,'VII.3',120,24),
(40,'VII.1',118,24),
(41,'VIII.1',139,24),
(42,'IX.11',171,24),
(44,'IX.12',174,24);

/*Table structure for table `tabel_kelulusan` */

DROP TABLE IF EXISTS `tabel_kelulusan`;

CREATE TABLE `tabel_kelulusan` (
  `id_kelulusan` int(5) NOT NULL AUTO_INCREMENT,
  `id_siswa` varchar(10) DEFAULT NULL,
  `id_ta` int(5) DEFAULT NULL,
  `id_kelas` int(5) DEFAULT NULL,
  `angkatan` varchar(10) DEFAULT NULL,
  `tgl_lulus` varchar(20) DEFAULT NULL,
  PRIMARY KEY (`id_kelulusan`)
) ENGINE=InnoDB DEFAULT CHARSET=latin1;

/*Data for the table `tabel_kelulusan` */

/*Table structure for table `tabel_mapel` */

DROP TABLE IF EXISTS `tabel_mapel`;

CREATE TABLE `tabel_mapel` (
  `id_mapel` int(3) NOT NULL AUTO_INCREMENT,
  `id_jenjang` int(5) DEFAULT NULL,
  `id_kat_mapel` int(5) DEFAULT NULL,
  `mapel` varchar(50) NOT NULL,
  `kkm` varchar(3) NOT NULL,
  PRIMARY KEY (`id_mapel`)
) ENGINE=InnoDB AUTO_INCREMENT=22 DEFAULT CHARSET=latin1;

/*Data for the table `tabel_mapel` */

insert  into `tabel_mapel`(`id_mapel`,`id_jenjang`,`id_kat_mapel`,`mapel`,`kkm`) values 
(10,24,2,'Agama','7.0'),
(12,24,2,'MTK','7.0'),
(19,24,3,'Penjas','7.0'),
(20,24,2,'IPA','7.0'),
(21,24,0,'Bahasa Indonesia','7.0');

/*Table structure for table `tabel_nilai` */

DROP TABLE IF EXISTS `tabel_nilai`;

CREATE TABLE `tabel_nilai` (
  `semester` varchar(20) NOT NULL,
  `tahun_ajaran` varchar(20) NOT NULL,
  `id_kelas` int(3) NOT NULL,
  `id_siswa` int(3) NOT NULL,
  `id_mapel` int(3) NOT NULL,
  `nilai` double NOT NULL,
  `predikat` text,
  KEY `id_mapel` (`id_mapel`),
  KEY `id_kelas` (`id_kelas`),
  KEY `tabel_nilai_ibfk_3` (`id_siswa`),
  CONSTRAINT `tabel_nilai_ibfk_1` FOREIGN KEY (`id_mapel`) REFERENCES `tabel_mapel` (`id_mapel`),
  CONSTRAINT `tabel_nilai_ibfk_2` FOREIGN KEY (`id_kelas`) REFERENCES `tabel_kelas` (`id_kelas`),
  CONSTRAINT `tabel_nilai_ibfk_3` FOREIGN KEY (`id_siswa`) REFERENCES `tabel_siswa` (`id_siswa`)
) ENGINE=InnoDB DEFAULT CHARSET=latin1;

/*Data for the table `tabel_nilai` */

/*Table structure for table `tabel_pengampu` */

DROP TABLE IF EXISTS `tabel_pengampu`;

CREATE TABLE `tabel_pengampu` (
  `id_pengampu` int(5) NOT NULL AUTO_INCREMENT,
  `nik` varchar(50) DEFAULT NULL,
  `id_mapel` int(5) DEFAULT NULL,
  PRIMARY KEY (`id_pengampu`)
) ENGINE=InnoDB AUTO_INCREMENT=32 DEFAULT CHARSET=latin1;

/*Data for the table `tabel_pengampu` */

insert  into `tabel_pengampu`(`id_pengampu`,`nik`,`id_mapel`) values 
(2,'1299',5),
(3,'1299',6),
(5,'921023023031',5),
(6,'00',8),
(7,'00',0),
(8,' 050403343058 ',12),
(9,' 080115043065',18),
(10,' 080115043065',12),
(11,' 140714033088',11),
(12,'160718043107',20),
(13,'160718043107',10),
(14,' 150727033098',21),
(15,' 150727033098',6),
(16,' 160718033106 ',13),
(17,'990726043045',21),
(18,'040727023054',8),
(19,'130710143080',8),
(20,' 140102023081',8),
(21,'MGSDA201601001',12),
(22,'MGSDA201601001',6),
(23,'MGSDA201601001',13),
(24,'MGSMA201601001',19),
(25,'MGSMP201601001',10),
(26,'MGSDA2016001',12),
(27,'MGSDA2016001',10),
(28,'MGSDA2016001',19),
(29,'123',12),
(30,'8910',10),
(31,'8910',12);

/*Table structure for table `tabel_schedule` */

DROP TABLE IF EXISTS `tabel_schedule`;

CREATE TABLE `tabel_schedule` (
  `id_schedule` int(5) NOT NULL AUTO_INCREMENT,
  `tipe_sms` varchar(50) DEFAULT NULL,
  `status` varchar(20) DEFAULT NULL,
  `aturan` varchar(30) DEFAULT NULL,
  PRIMARY KEY (`id_schedule`)
) ENGINE=InnoDB AUTO_INCREMENT=4 DEFAULT CHARSET=latin1;

/*Data for the table `tabel_schedule` */

insert  into `tabel_schedule`(`id_schedule`,`tipe_sms`,`status`,`aturan`) values 
(1,'Harian','aktif','hadir'),
(2,'Mingguan','tidak aktif','tidak hadir'),
(3,'Bulanan','tidak aktif','');

/*Table structure for table `tabel_setting` */

DROP TABLE IF EXISTS `tabel_setting`;

CREATE TABLE `tabel_setting` (
  `id_setting` int(5) NOT NULL AUTO_INCREMENT,
  `logo_mini` varchar(100) DEFAULT NULL,
  `logo_gambar` varchar(100) DEFAULT NULL,
  `logo_favicon` varchar(100) NOT NULL,
  `nik` varchar(30) DEFAULT NULL,
  `kartu_gsm` varchar(100) DEFAULT NULL,
  `cek_pulsa` varchar(100) DEFAULT NULL,
  `metode` varchar(30) DEFAULT NULL,
  `kode_aktivasi` varchar(30) DEFAULT NULL,
  `link_tujuan` varchar(100) DEFAULT NULL,
  `logo_besar` varchar(100) DEFAULT NULL,
  `logo_sekolah` varchar(100) DEFAULT NULL,
  `pimpinan` varchar(100) NOT NULL,
  `akun_gmail` varchar(100) NOT NULL,
  `alamat` varchar(100) DEFAULT NULL,
  `website` varchar(100) DEFAULT NULL,
  `kop_surat` varchar(100) DEFAULT NULL,
  `ttd` varchar(100) DEFAULT NULL,
  PRIMARY KEY (`id_setting`)
) ENGINE=InnoDB AUTO_INCREMENT=2 DEFAULT CHARSET=latin1;

/*Data for the table `tabel_setting` */

insert  into `tabel_setting`(`id_setting`,`logo_mini`,`logo_gambar`,`logo_favicon`,`nik`,`kartu_gsm`,`cek_pulsa`,`metode`,`kode_aktivasi`,`link_tujuan`,`logo_besar`,`logo_sekolah`,`pimpinan`,`akun_gmail`,`alamat`,`website`,`kop_surat`,`ttd`) values 
(1,'S3','logosiakad.png','backpack-12.png','8782990912','Indosat','*123#','Sewa Server','9396','http://localhost/web_absence_server/','SMP N. 8 Makassar','200px-SPENDEL.jpg','Acok, S.Pd, M.Pd','admin.absenserver@gmail.com','Jl. Batua Raya No.1 Telp (0411) 493722 Fax. 497320 Makassar','http://smanti.sch.id','kop1.jpg','tanda.png');

/*Table structure for table `tabel_siswa` */

DROP TABLE IF EXISTS `tabel_siswa`;

CREATE TABLE `tabel_siswa` (
  `id_siswa` int(10) NOT NULL,
  `id_jenjang` int(5) DEFAULT NULL,
  `nama_lengkap` text,
  `nisn` varchar(50) DEFAULT NULL,
  `jenis_kelamin` varchar(20) NOT NULL,
  `tempat_lahir` varchar(50) NOT NULL,
  `tgl_lahir` varchar(50) NOT NULL,
  `agama` varchar(50) DEFAULT NULL,
  `alamat` varchar(100) DEFAULT NULL,
  `no_hp` varchar(50) DEFAULT NULL,
  `email` varchar(50) DEFAULT NULL,
  `asal_sekolah` varchar(100) NOT NULL,
  `ket_asal` varchar(100) NOT NULL,
  `nama_ayah` varchar(50) DEFAULT NULL,
  `nama_ibu` varchar(50) DEFAULT NULL,
  `gambar` text,
  `tgl_daftar` varchar(50) DEFAULT NULL,
  PRIMARY KEY (`id_siswa`)
) ENGINE=InnoDB DEFAULT CHARSET=latin1;

/*Data for the table `tabel_siswa` */

insert  into `tabel_siswa`(`id_siswa`,`id_jenjang`,`nama_lengkap`,`nisn`,`jenis_kelamin`,`tempat_lahir`,`tgl_lahir`,`agama`,`alamat`,`no_hp`,`email`,`asal_sekolah`,`ket_asal`,`nama_ayah`,`nama_ibu`,`gambar`,`tgl_daftar`) values 
(215014,24,'ISABELLA DONNA DEFATIMA','0025054399','perempuan','DENPASAR','20-09-2002','Islam','JL.BORONG RAYA KOMP.DELTAMAS 2 BLOK B2 NO.15','+628','smp8@gmail.com','','','USMAN','MORAL RENALDI','tumblr_nhc3fdAjDG1te7ibqo1_250.jpg','09-11-2017'),
(215020,24,'MUH. RIMZAL TAHIR','0033428400','laki-laki','MAKASSAR','17-04-2003','Islam','JL. BATUA RAYA IV NO.26','+628','smp8@gmail.com','','','MUH. TAHIR. W','NUR AMINAH','tumblr_nhc3fdAjDG1te7ibqo1_2501.jpg','09-11-2017'),
(215021,24,'MUHAMMAD FAUZAN','0038876162','laki-laki','MAKASSAR','04-06-2003','Islam','BTN CV. DEWI B3/17','+628','smp8@gmail.com','','','PANANRANG','MIRA ANGREANY','','09-11-2017'),
(215025,24,'NABILA DWI PUTRI RUDI','0022267559','perempuan','MAKASSAR','26-11-2002','Islam','ASPOL PANAIKANG','+628','smp8@gmail.com','','','RUDI','ANDI NUR AENY','','09-11-2017'),
(215037,24,'YESA NURUL HAWA','0030431496','perempuan','MAKASSAR','10-04-2003','','S','+628','smp8@gmail.com','','','S','S','','09-11-2017'),
(215082,24,'AQIL FAUZIY','027350908','perempuan','MAKASSAR','19-08-2002','Islam','JL. LASULORO RAYA NO.27 BLOKII','+628','smp8@gmail.com','','','H. JUMARDIN','HJ. HARMIATI, S.Pd','','09-11-2017'),
(215091,24,'IKA','0035221572','perempuan','BULUKUMBA','07-01-2003','Islam','JL. INSPEKSI KANAL BORONG','+628','smp8@gmail.com','','','ACO','RAMLAH','','09-11-2017'),
(215092,24,'IRFAN ZHACRIANSYAH','0027350925','laki-laki','MAKASSAR','13-12-2002','Islam','JL. BORONG RAYA','+628','smp8@gmail.com','','','DAKKA','MASTIAH','tumblr_nktx9lrGHK1te7ibqo1_250.jpg','09-11-2017'),
(215095,24,'KEVIN KAMBUNO PUTRA','0033104175','laki-laki','MAKASSAR','20-10-2003','Kristen','JL. AP. PETTARANI VI NO.51','+628','smp8@gmail.com','','','Ir. DANIEL KAMBUTO, MT','ERNI','','09-11-2017'),
(215099,24,'MUH. KHALIL GHIFARI PATADJAI','0033650663','laki-laki','MAKASSAR','24-06-2003','Islam','JL. T P. VI KOMP. PERUMAHAN PERMAI E/12 A','+628','smp8@gmail.com','','','AKHMAD PATADJAL ','HASNIDAR KANSI','','09-11-2017'),
(215101,24,'MUH. ARAFAH','0033717349','laki-laki','PINRANG','31-07-2003','Islam','JL. ABD. DGH. SIRUA KOMP SWADAYA MAS E/7','+628','smp8@gmail.com','','','H. JABU','SANIWATI','','09-11-2017'),
(215102,24,'MUHAMMAD FAHRI JUANDA','0036945924','laki-laki','MAKASSAR','05-10-2002','Islam','JL. PERUMAHAN RAYA NO.88 BLOK 4','+628','smp8@gmail.com','','','JUNI ADAM','AGRIANI','','09-11-2017'),
(215133,24,'MAUDY NUR CAHYA','0039430785','perempuan','MAKASSAR','28-05-2003','Islam','DR. LAIMENA KOMP. PLTU BLOK C/4','+628','smp8@gmail.com','','','TANWIR','FIRDAUSI BASDAT','','09-11-2017'),
(215136,24,'MUHAMMAD MUFLIH NADAR','0033630585','laki-laki','MAKASSAR','19-01-2003','Islam','NURUL QALAM NO.2','+628','smp8@gmail.com','','','MUHAMMAD NADAR','NUR QALBI','','09-11-2017'),
(215137,24,'MUHAMMAD NUR SALSABIYL ASIKARI','0033650672','laki-laki','MAKASSAR','07-07-2003','Islam','BORONG INDAH 1 YPPKG B NO.31','+628','smp8@gmail.com','','','L. ASIKARI','NURSIAH TEPU','','09-11-2017'),
(215138,24,'MUHAMMAD RYAN ARIANTHA','0039881443','laki-laki','MAKASSAR','22-09-2003','Islam','BATUA RAYA IV NO. 17 E','+628','smp8@gmail.com','','','USMAN','MURNIATI','','09-11-2017'),
(215145,24,'SEPTY BERLYANA PUTRI NURCAHYATI S','0043040473','perempuan','MAKASSAR','29-03-2004','Islam','JL. BORONG RAYA BARU I NO.54','+628','smp8@gmail.com','','','SUPARNO','HASNAH','','09-11-2017'),
(215166,24,'FAHMI FAUZI AMIRUDDIN','00261988600','laki-laki','MAKASSAR','11-12-2002','Islam','JL. TOA DAENG II LR. ALAMANDA / I','+628','smp8@gmail.com','','','AMIRUDDIN SYAM','SULASTRI AZIS','','09-11-2017'),
(215186,24,'SALWA ADELIA','0037062549','perempuan','MAKASSAR','31-08-2003','Islam','JL. ANGKASA III NO.16','+628','smp8@gmail.com','','','HAERUDDIN TAIRAS','MULIATI','tumblr_ng76bj1gur1te7ibqo1_2501.jpg','09-11-2017'),
(215187,24,'SITI NURHALISA WULANDARI','0032362035','perempuan','MAKASSAR','09-08-2003','Islam','JL. H. KALLA II CAMPGAYYA','+628','smp8@gmail.com','','','MOHAMMAD ALI S','MARIYEM','','09-11-2017'),
(215190,24,'YURIKE VIRGINIA ANGGUN TUMBASA','0034070156','perempuan','MAKASSAR','11-11-2003','Islam','DIRGANTARA NO.70/994','+628','smp8@gmail.com','','','YULIUS AMBA DATU','YOHANA SONGGO','','09-11-2017'),
(215191,24,'ABDUL MALIK','0025340936','laki-laki','MAKASSAR','11-07-2002','Islam','JL. RAPPOCINI RAYA LR.7A NO.56','+628','smp8@gmail.com','','','BASRI','SAENAB','','09-11-2017'),
(215196,24,'ANGELIKA SEPTIANI PABONTONG','0035946305','perempuan','MAKASSAR','11-09-2003','Kristen','JL. DIRGANTARA NO.13','+628','smp8@gmail.com','','','EFRAIM PABONTONG','MARIANA KANDA','','09-11-2017'),
(215198,24,'ASSIFAAT NURRAMDHANI T. MALIK','0027211007','laki-laki','MAKASSAR','07-11-7','Islam','JL. ANGKASA VI NO.45','+628','smp8@gmail.com','','','TAJUDDIN MALIK','SURIANTI','','09-11-2017'),
(215206,24,'MUHAMMAD ADAM ASWAD','0033957258','laki-laki','MAROS','28-07-2003','Islam','BORONG RAYALR. 1 NO. 12','+628','smp8@gmail.com','','','ASWAD HARIS','ANITA DIANITA','','09-11-2017'),
(215212,24,'MUH. FAHRI','0033957224','laki-laki','MAKASSAR','01-01-2003','Islam','BORONG RAYA II LR.2 DLM4','+628','smp8@gmail.com','','','EDI','IRMA','','09-11-2017'),
(215213,24,'MUHAMMAD FATURRAHMAN','0039714132','laki-laki','MAKASSAR','19-07-2003','Islam','BTN MAKKIO BAJI BLOK A NO.1A','+628','smp8@gmail.com','','','IRWAN','HELMA INDRAWATI','','09-11-2017'),
(215214,24,'MUHAMMAD SYAHWATUL ILHAM TASSAKKA','0027039589','laki-laki','MAKASSAR','23-12-2002','Islam','BTN MAKKIO BAJI BLOK C NO.3','+628','smp8@gmail.com','','','TASSAKKA SAHUDDINI','HJ. ROSDIANA SAID','','09-11-2017'),
(215218,24,'NURUL AZIZAH ANNAS','0033799800','perempuan','MAKASSAR','19-11-2003','Islam','JL. RACING CENTRE KOMP UMI G/7','+628','smp8@gmail.com','','','Ir. ANNAS BOCENG, M.Si','SYAFWAT Y ABDURRAHMAN','','09-11-2017'),
(215220,24,'PUTRI CHAERUNNISA','0033313118','perempuan','MAKASSAR','04-03-2003','Islam','JL. DG. HAYO','+628','smp8@gmail.com','','','M. BASRI. N ','HARIANI','','09-11-2017'),
(215225,24,'WINDY AMALIA RANGGONG','0034717220','perempuan','MAKASSAR','09-11-2017','','S','+628','smp8@gmail.com','','','S','S','','09-11-2017'),
(215240,24,'FAUSIA AHKAM','0027256108','perempuan','SOPPENG ','08-10-2002','Islam','JL. BONTO BILA NO.28','+628','smp8@gmail.com','','','AHMAD YANI','KAMARIAH','','09-11-2017'),
(215248,24,'MUHAMMAD SYAHRUL','0027171787','laki-laki','MAKASSAR','05-01-2003','Islam','JL. AP. PETTARANI 2 9/4','+628','smp8@gmail.com','','','AMBO TUWO','NURKATI','','09-11-2017'),
(215254,24,'NURUL HIDAYAH','0033857557','perempuan','MAKASSAR','27-08-2003','Islam','JL. BONTOBILA NO.28','+628','smp8@gmail.com','','','MUHIDDIN','PATI','','09-11-2017'),
(215265,24,'A. MUH FAKHRY MUA\'FIY A','0038155081','laki-laki','MAKASSAR','09-11-2017','Islam','DELTA MAS II A2/13','+628','smp8@gmail.com','','','A. ANWAR SUUDI','ANNISA','','09-11-2017'),
(215268,24,'AGYMNATIAR PUTRA SUARDI','0028078825','laki-laki','MAKASSAR','18-12-2002','Islam','JL. BATUA RAYA III LR.2 NO.14','+628','smp8@gmail.com','','','SUARDI','ANNISA','','09-11-2017'),
(215275,24,'CINDY DWI KARTIKA','0032752375','perempuan','MAKASSAR','21-04-2003','Islam','PAROPO 2 NO.4','+628','smp8@gmail.com','','','ABD. GAPUR H','RITAYANTI','','09-11-2017'),
(215282,24,'MUH. FIRMANSYAH AJIS DINI','0049349270','laki-laki','MAKASSAR','16-02-2004','Islam','JL. CILALLANG JAYA NO.16','+628','smp8@gmail.com','','','AJIS DINI','SURINA','','09-11-2017'),
(215285,24,'MUH. AQSA PRATAMA PUTRA','0026106085','laki-laki','MAKASSAR','20-06-2002','Islam','JL. T.M PAHLAWAN NO.9 F','+628','smp8@gmail.com','','','MUH. HATTA S','SYAMSINAR','','09-11-2017'),
(215293,24,'SALSABILA AQSAFANY RAHMAT','0033371063','laki-laki','MAKASSAR','08-06-2003','Islam','JL. DR J LEIMENA NO.15 E','+628','smp8@gmail.com','','','NUR RAHMAT SUNINGRAT','ADRIANI','','09-11-2017'),
(215299,24,'WILDANUL MA\'WA','0032139057','perempuan','MAKASSAR','10-04-2003','Islam','JL. BONTOBILA V LR..3','+628','smp8@gmail.com','','','SYARIFUDDIN','MULIATI','','09-11-2017'),
(215300,24,'ZIDAN SEPTIAN AMRI','0038022363','laki-laki','BATAM','29-09-2003','Islam','JL. PEJUANG TIGA NO.11A','+628','smp8@gmail.com','','','ALI AMRI','MILA','','09-11-2017'),
(215303,24,'A. ZASLSABILA FAISAL','0033693744','perempuan','MAKASSAR','23-05-2003','Islam','JL. ABD. DG. SIRUA LR.5 NO.18','+628','smp8@gmail.com','','','FAISAL SYAMSUDDIN','SALMA','','09-11-2017'),
(215306,24,'ANDI AHDINAR A. PANANRANG','0033257266','perempuan','MAKASSAR','10-09-2003','Islam','BANGKALA DALAM III/34 ANTANG','+628','smp8@gmail.com','','','AHMAD PANANRANG','ANDI BESSE FERIAL','','09-11-2017'),
(215315,24,'ILHAM KUSUMA','0035894557','laki-laki','MAKASSAR','04-05-2003','Islam','JL. BATUA RAYA NO.431 / 122 B','+628','smp8@gmail.com','','','SURYANTO','NURHAEDAH WAHAB','','09-11-2017'),
(215322,24,'MUH. JABAL ARFA','0039488109','laki-laki','MAKASSAR','06-08-2003','Islam','RACING CENTRE BLOK I NO, 5','+628','smp8@gmail.com','','','NAHARUDDIN','YENNI RAHMADANI','','09-11-2017'),
(215329,24,'RAFIANDI NORMANSYAH','0025309827','laki-laki','SURABAYA','04-05-2003','Islam','DUKUH KUPANG TIMUR XIX NO.57','+628','smp8@gmail.com','','','Drs. ARDJAB SELLE ','TITEK SUYATI','','09-11-2017'),
(215335,24,'VERONIKA MERLICHEN','0034230871','perempuan','MAKASSAR','20-09-2003','Kristen','JL. DG. HAYO','+628','smp8@gmail.com','','','EPI RINTUS ','ARCELINDA','','09-11-2017'),
(215336,24,'ZAKIYAH ZAHRA','0039802778','perempuan','MAKASSAR','09-11-2017','','S','+628','smp8@gmail.com','','','S','S','','09-11-2017'),
(215343,24,'FAHRUL','0029839353','laki-laki','MAKASSAR','01-02-2002','Islam','JL. PAROPO II NO.11','+628','smp8@gmail.com','','','MUSTARI','FITRIANI S','','09-11-2017'),
(215353,24,'MUH. ASWIN TRIWARDANA','0028980859','laki-laki','MAKASSAR','25-08-2002','Islam','JL. TAMAN MAKAM PAHLAWAN NO.9 F','+628','smp8@gmail.com','','','ZAINUDDIN','RATNA','','09-11-2017'),
(215356,24,'RIDZOLDI JOE AKBAR SATRIANI','0022914448','laki-laki','MAKASSAR','15-05-2002','Islam','JL.RACING CENTRE NO. 8','+628','smp8@gmail.com','','','MUSRIN','ST. HASNAH','','09-11-2017'),
(215357,24,'MUHAMMAD IQRAM AL QADRI S','0033659632','laki-laki','MAKASSAR','10-03-2003','Islam','JL. TODDOPULI X NO.28','+628','smp8@gmail.com','','','H. AJIS KALLA','ANDI HILDA ISMAIL','','09-11-2017'),
(215388,24,'MUH. IKHSAN ALFACHRI','0033288338','laki-laki','MAKASSAR','27-03-2003','Islam','JL. PEJUANG 3 NO.11.A','+628','smp8@gmail.com','','','SAPRI','ADRIANI','','09-11-2017'),
(215396,24,'MUHAMMAD FARHAN HARAHAP','0034111396','laki-laki','PADANG SIDIMPUAN','16-07-2003','Islam','JL. PAROPO III/100','+628','smp8@gmail.com','','','AKBAR OLOAN HARAHAP','AYUNDA HARAHAP','','09-11-2017'),
(215401,24,'NUR SALSABILA','0034270687','perempuan','MAKASSAR','08-10-2003','Islam','JL. SUKARIA 8 NO.14','+628','smp8@gmail.com','','','HAERUDDIN ABDULLAH','SITI RUKIAH','','09-11-2017'),
(215407,24,'WARDAH FADIYAH PERTIWI','0038714740','perempuan','MAKASSAR','16-07-2003','Islam','JL. BATUA RAYA XI A','+628','smp8@gmail.com','','','SYAHRIR NURDIN','NURSIAH','','09-11-2017'),
(215408,24,'ZULKARNAIN YUSUF','0027752039','laki-laki','MAKASSAR','18-10-2002','Islam','BTN PAROPO INDAH BLOK J 12','+628','smp8@gmail.com','','','MUH. ALI YUSUF','ZAKIAH ARSYAD','','09-11-2017'),
(216001,24,'A.M. FAKHRI RAMADHAN SESSU','0035926678','laki-laki','MAKASSAR','03-11-2003','Islam','BTN CV DEWI BLOK B2 NO.16','+6281241401030','fakhri@gmail.com','','','M. FAIS SATRIANEGARA,SKM.MARS','SRI ARFAWATY,SKM','','09-11-2017'),
(216002,24,'ACHMAD DZAKY TRYADI','0052873082','laki-laki','MAKASSAR','09-11-2017','','-','+628','smp8@gmail.com','','','-','-','','09-11-2017'),
(216003,24,'AHMAD BEY ALFARIDZI NUR MUBARAQ','0036613531','laki-laki','MAKASSAR','20-11-2004','Islam','Jl. Racing Centre Komp. Mustika Mulia Blok A3 No. 8','+628','smp8@gmail.com','','','MURSALIM','SRI ALIANA','','09-11-2017'),
(216004,24,'ANDI JAURY DZAKY RIDHO','0042720908','laki-laki','UJUNG PANDANG','20-08-2004','Islam','BTN HAMZY BLOK T2 NO.3','+628','smp8@gmail.com','','','HELMI','Dra. ANDI TASMIA','','09-11-2017'),
(216005,24,'ANDI MUHAMMAD ALRIANSYAH ARLIM','0046770067','laki-laki','MAKASSAR','11-10-2003','','ANGKASA I LR. 3 NO. 22','+628','smp8@gmail.com','','','MUH. ARLIM','ANDI BULGARI','','09-11-2017'),
(216007,24,'ARSYILLAH SYARIFUDDIN','0046378895','perempuan','MAKASSAR','21-12-2004','Islam','JL RAYA BARUGA NO. 59','+6282190688479','smp8@gmail.com','','','SYARIFUDDIN SATTARE','HARTINI TAHIR','','09-11-2017'),
(216008,24,'ARYA TRIANGGARA DINATA ANAS','0046145779','perempuan','MAKASSAR','10-04-2004','Islam','PERM Swadaya Mas blok E/2','+6285341991977','smp8@gmail.com','','','ANAS','SYAMSINAR SH','','09-11-2017'),
(216009,24,'AZRAMADHANI AZIS','0045785445','perempuan','MAKASSAR','12-05-2004','Islam','JL.AP.PETTA RANI VI NO 39','+628','smp8@gmail.com','','','ABDUL AZIS','ST. AZISAH','','09-11-2017'),
(216010,24,'CHELSY RARA RENDENAN','0043263867','perempuan','MAKASSAR','30-10-2004','Kristen','TAMAN BUNGA SUDIANG A.1 NO. 1','+628','smp8@gmail.com','','','YABES ANANDA RENDENAN','MARLINDA PUSPITA ALLOSITANDI','','09-11-2017'),
(216011,24,'DERRY ARSY','0041865957','perempuan','KENDARI','08-05-2004','Islam','Jl. Pelita Raya VI No. 18','+628','smp8@gmail.com','','','Kasful Gusman, SE','Rachmawati Kasful','','09-11-2017'),
(216012,24,'DIAN DINA KIRANA. A','0042753472','perempuan','MAKASSAR','18-03-2004','','JL.RACING CENTRE NO.180','+628','smp8@gmail.com','','','ABD. AZIS','SYALMIA','','09-11-2017'),
(216013,24,'DWI ADHA AULIA KASRIADY','0044491980','perempuan','MAKASSAR','01-02-2004','Islam','Jl.Rappocini Raya Lr.6 No.43 B','+6281342657328','smp8@gmail.com','','','Kasriady Takabbere','Musdalipa','','09-11-2017'),
(216014,24,'DWI LARASATI','0044281017','perempuan','MAKASSAR','17-06-2004','Islam','Jl Manggala I No 27','+6282348750860','smp8@gmail.com','','','Haryanto Mistan, S.Sos','Aisyah Hamzah','','09-11-2017'),
(216015,24,'FIRDAYS ORI RIANDRA','0043432483','laki-laki','KEDIRI','04-04-2004','Islam','Jl. Manggala 2 No.60 Blok 7','+6281343644611','smp8@gmail.com','','','EKO SYAHRUDDIN','MARETA DIAN LESTIYORINI','','09-11-2017'),
(216016,24,'FITRI ULANDARI','0053437876','perempuan','SOPPENG','04-01-2005','','Jl. Bontobila Raya No.28','+6281242631401','smp8@gmail.com','','','SUDIRMAN','HASNAWATI','','09-11-2017'),
(216017,24,'HANDRYZTO ADE SATRYA','0041243476','laki-laki','MAKASSAR','04-03-2004','Kristen','ASRAMA WIPAYA II BLOK N 5','+628','smp8@gmail.com','','','PAULUS POMPENG','AGUS TIRRA SILAMBI','','09-11-2017'),
(216018,24,'HIDAYATUSSHOFIYAH','0037991648','perempuan','MAKASSAR','28-12-2003','Islam','JL. TOA DG  3  NO.24F','+6281355992213','smp8@gmail.com','','','AHMAD DAHLAN, SE','MASNI','','09-11-2017'),
(216019,24,'JEREMY RAMA PUTRA RANTEPADANG','0055511740','laki-laki','MAKASSAR','29-03-2005','Kristen','JL. DIRGANTARA','+628','smp8@gmail.com','','','Mesakh Raymond Rantepadang','Sria Silambi','','09-11-2017'),
(216020,24,'JESIKHA ARDIANINGSIH','0047310391','perempuan','MAKASSAR','03-01-2004','Islam','JLN TAMAN MAKAM PAHLAWAN NO.11','+6281342710785','smp8@gmail.com','','','ADI PURWANTO','HASNIH','','09-11-2017'),
(216021,24,'MUH. FIQRI HAYKAL','0035866495','laki-laki','MAKASSAR','10-12-2003','Islam','BORONG RAYA DELTA MAS','+628','smp8@gmail.com','','','MUHAMMAD ARWIN','HASLINDA','','09-11-2017'),
(216022,24,'MUHAMMAD IKHSAN EKAPUTRA','0048704779','laki-laki','MAKASSAR','10-05-2004','Islam','JL. ASOKA NO.151 PNK 111','+6281255119963','smp8@gmail.com','','','DARILSAR TANDI WALI, S.Sos','SSRI MULYATY, S.Sos','','09-11-2017'),
(216023,24,'MUHAMMAD NUR FAKHRI. S','0049037659','laki-laki','MAKASSAR','16-10-2004','Islam','JL. MELATI RAYA NO.10 KOMP. MAIZONETTE','+628114200016','smp8@gmail.com','','','SYAMSUDDIN','SUSANTI, A.Md','','09-11-2017'),
(216024,24,'MUHAMMAD QADRIL RAMADHAN','0032549340','laki-laki','MAKASSAR','18-11-2003','Islam','JL. ANGKASA RAYA','+6285343756657','smp8@gmail.com','','','MANSYUR','IDAWATI','','09-11-2017'),
(216025,24,'MUHAMMAD TAUFIQ ZULKARNAIN','0034429591','laki-laki','MAKASSAR','11-12-2003','Islam','JL. IMAM BONJOL NO.30 PALU','+628','smp8@gmail.com','','','ZULKARNAIN','HJ. WESTY','','09-11-2017'),
(216026,24,'NADILA PARATISTHA RAUF','0045155655','perempuan','SIDRAP','03-01-2004','Islam','JL. BONTOBILA 5 NO.14','+628','smp8@gmail.com','','','ABD RAUF ABU','KARTINI. M','','09-11-2017'),
(216027,24,'NURUL RAFIQAH DEWI','0043307693','perempuan','MAKASSAR','27-03-2004','Islam','JL. TOA DAENG 3','+6281242300621','smp8@gmail.com','','','SYAMSUL SYAM','MULIANA','','09-11-2017'),
(216028,24,'NUZUL ALFI RAMADHANI. M','0044080337','perempuan','MAKASSAR','24-11-2003','Islam','AMD KOMP GRAHA SEJAHTERA A 2/9','+628','smp8@gmail.com','','','MUFLIHUN, S.Sos','A DARMAYANTI','','09-11-2017'),
(216029,24,'SALSABILAH','045217007','perempuan','MAKASSAR','04-03-2004','Islam','SUKARIA 13C','+628','smp8@gmail.com','','','JOHARDI ARSYAD','A HASRIANTI TAUGI','','09-11-2017'),
(216030,24,'ST NUR ARSYH ISMAYANTI S','0034687287','perempuan','MAKASSAR','02-12-2003','Islam','JL. BABUSALAM I','+6285341939593','smp8@gmail.com','','','MUHAMMAD SALEH','NURSIAH','','09-11-2017'),
(216031,24,'STEIFHEN FEBRIAN IMANUEL PALLOAN','0040331901','laki-laki','MAKASSAR','17-02-2004','Kristen','JL. DIRGANTARA LR.9 NO.23','+628','smp8@gmail.com','','','RONA DENDY AL','HERLINA','','09-11-2017'),
(216032,24,'SYAMSURI ABDULLAH','0039129786','laki-laki','PINRANG','02-11-2003','Islam','ASPOL SPN BATUA NO.66','+6281342393636','smp8@gmail.com','','','ABDULLAH','KASMIAH HAKIM','','09-11-2017'),
(216033,24,'TIARA DWIJAYANTI','0047471407','perempuan','MAKASSAR','21-01-2004','Islam','JL. A.P. PETTARANI KOMP IDI BLK H5/10','+628','smp8@gmail.com','','','M. RIDWAN R','SURIANI','','09-11-2017'),
(216034,24,'UMMU ABIDAH ALFARIDA','0044310364','perempuan','MAKASSAR','22-02-2004','Islam','JL. TODDOPULI I STP 16/7B','+6281355455162','smp8@gmail.com','','','ZAENAL ARIFIN','HARINA','','09-11-2017'),
(216035,24,'WIDYA ANANDA MADYA','0050754206','perempuan','MAKASSAR','28-05-2005','Islam','JL. ANGKASA RAYA NO.3','+628','smp8@gmail.com','','','MUHAMMADIYAH ANAS','HALWIAH','','09-11-2017'),
(216036,24,'ZAHRAH FAKHIRAH LUKMAN','0039782305','perempuan','MAKASSAR','18-10-2003','Islam','JL. SUNGAI SADDANG BARU LR.MU\'MIN 2 NO.4','+628','smp8@gmail.com','','','LUKMAN BADANI','SARIFA PERAWATI ANWAR BAGDADI','','09-11-2017'),
(216480,24,'ALFIAN SYAMSURAHMAN','0038704184','laki-laki','MAKASSAR','18-12-2003','Islam','ALUPPANGE','+628','smp8@gmail.com','','','SYAMSUDDIN','RAMANIAR','','09-11-2017'),
(216482,24,'ANDI MUH ALZYRAZI PASARAI','0052515774','laki-laki','MAKASSAR','04-03-2005','Islam','KOMPLEKS ANA\'GOWA','+628','smp8@gmail.com','','','ANDI AHMAD','FIFI MEILANI','','09-11-2017'),
(216527,24,'BERTHA RESKI PATULAK','0031416367','perempuan','LEA','01-06-2003','Islam','JL. BATUA RAYA ','+628','smp8@gmail.com','','','BENYAMIN PATULAK','KRISTINA MINGGU','','09-11-2017'),
(216528,24,'ANDI ZAHWAN','0034361911','laki-laki','MAKASSAR','17-01-2003','Islam','GRAHA JANNA LAND I BLOK A/10','+628','smp8@gmail.com','','','ANDI HERMAN','ANDI HASNI','','09-11-2017'),
(216532,24,'NAJWA MUNSIR','0030657620','perempuan','MAKASSAR','20-04-2003','Islam','KALOSI','+6285255767272','smp8@gmail.com','','','Drs. MUNSIR','NURAIDA','','09-11-2017'),
(216533,24,'A. MURSIDUL UMMAH','0027138889','laki-laki','MAKASSAR','04-04-2002','Islam','BORONG RAYA PERUM DELTA MAS I BLOK A.20','+628','smp8@gmail.com','','','MUH. ARIFIN FATTAH','HARLINA ARIFIN','','09-11-2017'),
(216542,24,'ANDI MUHAMMAD ANSHAR','0034230870','laki-laki','MAKASSAR','07-09-2003','Islam','BTN BUKIT HARTACO INDAH BLOK1E/5','+628','smp8@gmail.com','','','SUKRI','NUR AISAHWATI','','09-11-2017'),
(216543,24,'FAUZAN HANIF SAPUTRA','0017079423','laki-laki','JAKARTA','11-09-2002','Islam','BORONG RAYA PERUM DELTA MAS 2 BLOK B.3','+628','smp8@gmail.com','','','HARI SAPTONO','ERNI WAHYUNI','','09-11-2017'),
(216553,24,'A. PUTRI TASYA KARTIKA SALSABILA','0047671032','perempuan','MAKASSAR','05-10-2004','','KOMP. VILLA SURYA MAS BLOK G1 NO. 1','+628','putri@gmail.com','','','MUHAMMAD ZAKIY','ANDI RISMA LIDYANTI','','09-11-2017'),
(216558,24,'MOH. RAZAQ NUGRAHA ','0033043451','laki-laki','MAKASSAR','09-11-2017','Islam','-','+628','smp8@gmail.com','','','-','-','','09-11-2017'),
(216561,24,'MOCH. FADLY SAFWAN MZ','0024107497','laki-laki','MAKASSAR','28-10-2002','Islam','PERUM MURINA MANGGALA REGENCY BLOK D2 NO. 22','+628','smp8@gmail.com','','','MUZAKKAR JAMAL','NINY','','09-11-2017'),
(217001,24,'A. FAATIHAH MAZIYYAH','0051451347','perempuan','MAKASSAR','28-04-2005','Islam','Jl. BTN Paropo Indah Blok J I No 4','+628','faatihan@gmail.com','-','-','A. MAPEASSE','NURHAYATI','','30-10-2017'),
(217002,24,'AISYAH FADHILAH RUSDIYANTO','0051070028','perempuan','MAKASSAR','14-03-2005','Islam','Jl Dr Sutomo No. 24','+628','aisyah@gmail.com','-','-','RUSDIYANTO YASIN','LISA PARESSA','FOTO.JPG','30-10-2017'),
(217003,24,'AL DISAR FACHREZA','1007275042','laki-laki','MAKASSAR','01-08-2004','Islam','JL. BATUA RAYA III LR 2 NO. 10','+628','aldisar@gmail.com','-','-','IKHSANUDDIN','HJ. RAHMATANG','','30-10-2017'),
(217004,24,'ANDI NURAISYAH','0047911400','perempuan','MAKASSAR','15-07-2004','Islam','TOA DAENG 3','+628','nuraisyah@gmail.com','-','-','ANDI SUDIRMAN','ST. MURNI','','30-10-2017'),
(217005,24,'ANNISA SALSABILA SULEMAN','0052080371','perempuan','MAKASSAR','26-03-2005','Islam','Jl. Batua Raya 3 No 26','+62834019353','annisa@gmail.com','-','-','SULEMAN ROGSILA','ROSMINI','','30-10-2017'),
(217006,24,'ANTA QURYUTAMA SYAH','0051459159','laki-laki','BOYOLALI','13-06-2005','Islam','Bonto Bila VII No 15','+6281340000446','anta@gmail.com','-','-','SYAHRUDDIN','SRI ROCHATININGASIH','','30-10-2017'),
(217007,24,'BELSAZAR KASSA T PAONGANAN','0052785191','laki-laki','TANA TORAJA','20-04-2005','Kristen','ABD DG SIRUA NO 310','+628','kassa@gmail.com','-','-','SANC ABTA TOEPA PAONCANAN','TITA PUTRY','','30-10-2017'),
(217008,24,'BERLIANG','0045376966','perempuan','MAKASSAR','24-09-2004','Islam','JL. A P Pettarani 3 Lr 7 No 11','+6285254954835','berliang@gmail.com','-','-','ASDAR JUMA','NUR LIAH','','30-10-2017'),
(217009,24,'DILLA ILMER TORANO','0055907364','perempuan','MAKASSAR','15-04-2005','Kristen','JL. Adyaksa Baru Lr 3','+6285396180139','dilla@gmail.com','-','-','ILHAM ASIS','MERI BONGGA PAIMAN','','30-10-2017'),
(217010,24,'DIMAS DWI SAPUTRA','0045491459','laki-laki','SOLO','13-11-2004','Islam','Jln.Toa Daeng 3 No.73','+628194439264','dima@gmail.com','-','-','EDI PURWOTO','TRI SUTARNI','','30-10-2017'),
(217011,24,'DWI AYU LESTARI','0044384854','perempuan','MAKASSAR','02-11-2004','Islam','JLN BONTO BILA 3 NO.54 ','+6281355293455','dwi@gmail.com','-','-','IR  HAMZAH BURHANUDDIN','HASMIATI AMK','','30-10-2017'),
(217012,24,'FHATSYA AULIAH ALFATIHA','0041408027','perempuan','MAKASSAR','17-11-2004','Islam','Jl. BTN Paropo Blok B 10','+6281242668758','fhatsya@gmail.com','-','-','ARDIN','SRI INTAN','','30-10-2017'),
(217013,24,'FUAD ALFARUQ','0045083056','laki-laki','MAKASSAR','03-08-2004','Islam','Jl. BTN Paropo Indah Blok K 13','+6285255675024','fuad@gmail.com','-','-','SUPRIADI, S.Sos','NURLELA, SE','','30-10-2017'),
(217014,24,'JESICA YULIANA UMAN','0053484487','perempuan','MAKASSAR','07-07-2005','Katholik','Jln. Batua Raya No. 16','+6282192229276','jesica@gmail.com','-','-','STANISLAUS UMAN','SOFIA NANUM','','30-10-2017'),
(217015,24,'LUTFIA','0058164220','perempuan','MAKASSAR','26-04-2005','Islam','JL. Pettarani 3 Lr 7 No 23','+628','lutfia@gmail.com','-','-','MUH. HIJAS','BUDIATY','','30-10-2017'),
(217016,24,'LUTFIYAH NABILA HARTONO','0059724996','perempuan','MAKASSAR','17-01-2005','Islam','Jl. Toa Daeng 3 Lr. 6','+6285145756343','lutfiyah@gmail.com','-','-','HARTONO','WAHYUNI','','30-10-2017'),
(217017,24,'M. ADIWIRA DWI PUTRA','0044411109','laki-laki','MAKASSAR','16-05-2004','','Jl. Gagak No.32','+628','adiwira@gmail.com','-','-','ASHARI, SE','SRY HIDAYAH, SH','','30-10-2017'),
(217018,24,'M. RAFLI SYAHWAL INDRA','0043087380','laki-laki','MAKASSAR','26-11-2004','Islam','JL. TODDOPULI IV STP.16 NO.3','+628','rafli@gmail.com','-','-','INDRA JAYA LATIEF','ITA FARWANITA','','30-10-2017'),
(217019,24,'MOH IKBAL','0013164799','laki-laki','PALU','17-09-2004','Islam','JL. P. IRIAN JAYA','+628','mohikbal@gmail.com','-','-','AMIR MA\'RUF','SANDRA DEWI AMIR. S','','30-10-2017'),
(217020,24,'MUH. FAHRIEL SAPUTRA','0058246505','laki-laki','MAKASSAR','15-06-2005','Islam','Jl. Abd Daeng Sirua No 30','+6281343600430','fahriel@gmail.com','-','-','ASDAR','MURNIATI','','30-10-2017'),
(217021,24,'MUH. FAIZ RAMADHAN KALANG','0047206465','laki-laki','MAKASSAR','20-10-2004','Islam','JLN PAROPO 1 NO 28 A','+628','fauz.@gmail.com','-','-','M. PERKASA KALANG','MARDIAN, S.Sos','','30-10-2017'),
(217022,24,'MUHAMMAD HARDINAS','0051451352','laki-laki','MAKASSAR','05-05-2005','Islam','JL. BATUA RAYA IV NO.16','+628','muhammad@gmail.com','-','-','MUH. SAENONG','MASURI','','30-10-2017'),
(217024,24,'MUHAMMAD REZKY AMAL','0045509184','laki-laki','MAKASSAR','31-07-2004','Islam','Komp. Perum. Swadaya Mas E/6','+6281334266464','rezky@gmail.com','-','-','MUH. FAHRUDDIN, S.Pd.,M.Pd','Dra. NURHAENI P.','','30-10-2017'),
(217025,24,'MUTHIA NURUL HASANAH','0051661213','perempuan','MAKASSAR','28-09-2005','Islam','JL. URIP SUMOHARDJO NO. 294','+628','muthia@gmail.com','-','-','MUH. ARIF, S.Pd','NURHASNI, S.Pd','','30-10-2017'),
(217026,24,'NUR AQILA AISYAH HAMZAH','0057171994','perempuan','MAKASSAR','17-12-2005','Islam','JL.RACING CENTRE II KOMP. UMI','+628','aqila@gmail.com','-','-','HAMZAH','ERNAWATI','','30-10-2017'),
(217027,24,'NUR HIKMAH','0054112963','perempuan','MAKASSAR','30-05-2005','Islam','Jl. Batua Raya No 74C','+628','hikmah@gmail.com','-','-','MUSTAMIN','RAHMATIA','','30-10-2017'),
(217028,24,'NURJANNAH','0036004217','perempuan','MAKASSAR','02-08-2004','Islam','Jl. Bonto Bila 3','+628','nurjannah@gmail.com','-','-','SYAMSUDDIN','HADRAH','','30-10-2017'),
(217029,24,'NURUL FADHILAH SUKARDI','0047257824','perempuan','MAKASSAR','19-11-2004','Islam','Jl. Batua raya Lr Mandengen 20','+628','nurul@gmail.com','-','-','SUKARDI MASSE','MARDIANA','','30-10-2017'),
(217030,24,'RATU MAHARANI GHAZALAH RAHMAN','0051394632','perempuan','MAKASSAR','16-04-2005','Islam','Jln. Abdullah Dg. Sirua Lr.7B/35','+628','ratu@gmail.com','-','-','DR. Abdul Rahman, SE, MS','Sri Lestari Purnomo, SH','','30-10-2017'),
(217031,24,'RYSKULLAH AZIS','0062226186','laki-laki','MAKASSAR','29-05-2006','Islam','Jl. Bonto Bila 9','+6282193194627','ryskullahazis@gmail.com','-','-','Abd Azis S. Sos','SOFIAH H. HUSEN','','30-10-2017'),
(217032,24,'STEFANIO HERND','0057743686','laki-laki','MAKASSAR','02-09-2005','Kristen','Jl. Dirgantara, Lrg 9, No. 23','+628','stefanio@gmail.com','-','-','Herry Yusuf','Lindung Jaang','','30-10-2017'),
(217033,24,'SUSILO NUGROHO','0059949481','laki-laki','KLATEN','28-03-2005','Islam','Jl. Babussalam 3 No 9','+628','susilo@gmail.com','-','-','MULYADI','TRI SABEKTI','','30-10-2017'),
(217034,24,'ZAHRA ARSETY','0069452525','perempuan','MAKASSAR','14-12-2004','Islam','Jl. Bontobila IV','+628','zahra@gmail.com','-','-','Komeni Rapsanjani','NURHAJRAH','','30-10-2017'),
(217035,24,'ZALZA NABILA PUTRI','0052882189','perempuan','MAKASSAR','16-05-2005','Islam','JLN BATUA RAYA LR MEKANIS 4','+628','zalza@gmail.com','-','-','MAHMUD','ANNISA','','30-10-2017'),
(217036,24,'ZULKHAEDAH','0051612742','laki-laki','MAKASSAR','01-06-2005','Islam','JL.BORONG RAYA DALAM NO.8 B','+628','zulkhaedah@gmail.com','-','-','SUTE','AMELIA HAMID','','30-10-2017'),
(217037,24,'ADI FIRANSYAH','0052064091','laki-laki','MAKASSAR','21-11-2005','Islam','PAROPO','+628','adi@gmail.com','-','-','SULTAN','HASIA','','30-10-2017'),
(217038,24,'AHMAD AINIL AFIFI ASRI','0052736689','laki-laki','MAKASSAR','13-05-2005','Islam','JL. PERUM DELTA MAS 2 BLOK C NO.1A','+6282187661646','ahmad@gmail.com','-','-','MUHAMMAD ASRI, SH','INI\'MANG, SH','','30-10-2017'),
(217039,24,'ALFIAN DIRGA TARUNA AR','0055847200','laki-laki','MAKASSAR','05-10-2004','Islam','JLN BATUA RAYA 10/3','+6281342160078','alfian@gmail.com','-','-','ARIFULLAH SH,MH','FITRIANI','','30-10-2017'),
(217040,24,'AMANDA PUTRI','0057066757','perempuan','MAKASSAR','07-05-2005','Islam','BATUA RAYA LR PEDOMAN','+628','amanda@gmail.com','-','-','SULAIMAN','ROSMIANI','','30-10-2017'),
(217041,24,'AMANDA SAFIRA','0049290450','perempuan','MAKASSAR','26-08-2004','Islam','JLN BATUA RAYA 6 NO.22','+628','amanda@gmail.com','-','-','MINO','SARINA','','30-10-2017'),
(217042,24,'ANDI ANNISA AULIA','0043880832','perempuan','MAKASSAR','11-12-2004','Islam','JLN BATUA RAYA 68','+6281355988766','smp8@gmail.com','-','-','ANDI RIZAL','INDAH SARI','','30-10-2017'),
(217043,24,'ANDI BAGUS RESKY WIJAYA','0075355041','perempuan','MAKASSAR','28-03-2005','Islam','JL TODDOPILI 5','+628','smp8@gmail.com','-','-','IRWAN RASYID','RINY HANDAYANI','','30-10-2017'),
(217044,24,'ANDI DHEA FARIZHA PUTRI','0051779533','perempuan','MAKASSAR','06-10-2005','Islam','Jln.Aspol SPN Batua','+6285341499194','smp8@gmail.com','-','-','A. MUH. ILYAS','HERNY','','30-10-2017'),
(217045,24,'ANDI KHAIRUNNISA','0054339385','perempuan','MAKASSAR','13-06-2005','Islam','JL.TODOPULLI 22 BLOK 35 NO 73A','+6285396978878','smp8@gmail.com','-','-','RAJAMUDDIN','KOSMADEWI','','30-10-2017'),
(217046,24,'ANDI NADIAH RAINA SARI','0054112860','perempuan','PARE-PARE','28-06-2005','Islam','KOMP. GRIYA TIARA INDAH BLOK A2','+628','smp8@gmail.com','-','-','ANDI SAHWAN MULIA','ANDI FATARI MANGGABARANI','','30-10-2017'),
(217047,24,'ANDI RIZKY ALYA ANUGRAH','0043744079','perempuan','MAKASSAR','09-12-2004','Islam','JLN ABD DG SIRUA TOA DG 3 LR MAWAR NO.33','+6281241899982','smp8@gmail.com','-','-','A M ARKAM','ANDI ARFIATI, SKM','','30-10-2017'),
(217048,24,'AQMAL','0045238498','laki-laki','MAKASSAR','16-04-2004','Islam','Jl. Babussalam Raya No 22','+628','smp8@gmail.com','-','-','AMIRUDDIN','HAFIDA','','30-10-2017'),
(217049,24,'ATHAYA NABILA','0041060791','perempuan','MAKASSAR','04-12-2004','Islam','Jl. Lasuloro Blok 1 No. 17','+6285341917000','smp8@gmail.com','-','-','ANDI TAUFIK','ARMI DWIANM','','30-10-2017'),
(217050,24,'AULIA WARDANI','0053790462','perempuan','MAKASSAR','21-01-2005','Islam','JLN BONTOBILA NO.6','+628','smp8@gmail.com','-','-','MUSTAKIM','DJUMARIAH','','30-10-2017'),
(217051,24,'AYU SYAHRANI','0058689837','perempuan','MAKASSAR','11-05-2005','Islam','JL. BORONG RAYA LR.5 NO.15','+628','smp8@gmail.com','-','-','AMIR CACO','NORSIA','','30-10-2017'),
(217052,24,'BAYU BATARA','0045491456','laki-laki','MAKASSAR','15-08-2004','Islam','Jln.Babussalam 1 No.15','+6285340099886','smp8@gmail.com','-','-','ILHAM','RAHMATIA','','30-10-2017'),
(217053,24,'DEWI ASTUTI','0057083109','perempuan','MAKASSAR','06-03-2005','Islam','Jl. Biring  Romang Blo 1 No. 75','+6282349613977','smp8@gmail.com','-','-','LABABA MULLU','NASIRAH','','30-10-2017'),
(217054,24,'DIVA WILDANIA DARMAN','0059113552','perempuan','PALOPO','11-06-2005','Islam','Jl. Abdullah Daeng Sirua Toa Daneg V No. 5 ','+6281355834669','smp8@gmail.com','-','-','Darman S.Pd','ARHAMI','','30-10-2017'),
(217055,24,'FADHILLAH NAILA TASLIM','0036032628','perempuan','MAKASSAR','05-05-2005','Islam','KOMP GRIYA PUSPITA SARI BLOK B I / 15','+628','smp8@gmail.com','-','-','H.TASLIM, S.Kom','HJ.WIWIEK WIDYA ASTUTI','','30-10-2017'),
(217056,24,'FANNY FEBRIANTI CIUS','0052711472','perempuan','BATAM','25-02-2005','Kristen','BTN. CITRA TELLO PERMAI A1 NO. 3','+628','smp8@gmail.com','-','-','CIUS RITA','APRIDA LAPU\' SALU','','30-10-2017'),
(217057,24,'HAIKAL','0053830373','laki-laki','MAKASSAR','24-11-2004','Islam','Jl. Paropo 2 No 10','+628','smp8@gmail.com','-','-','SANGKALA','NORMA','','30-10-2017'),
(217058,24,'JULIO DWI PUTRA MA\'DIKA','0053594803','laki-laki','MAKASSAR','01-07-2005','Katholik','ASPOL TELLO BARU','+628','smp8@gmail.com','-','-','DAUD MADIKA','SINTEHI','','30-10-2017'),
(217059,24,'M. RIFAAT ARIFIN','0059384383','laki-laki','MAKASSAR','26-04-2005','Islam','Jl. Arsitektur VI No. 100 B Komp. UNHAS','+6282191616170','smp8@gmail.com','-','-','Zainul Arifin Qadaar','EMILA','','30-10-2017'),
(217060,24,'MUH. ZAIM ARKAN. A','0054451105','laki-laki','MAKASSAR','08-08-2005','Islam','BATUA RAYA NO. 74 J','+628','smp8@gmail.com','-','-','MUH. AMIN','MARIAMA','','30-10-2017'),
(217061,24,'MUH. FAQIH ALFARIZI','0047560952','laki-laki','MAKASSAR','01-08-2004','Islam','KOMPLEKS BLKI MAKASSAR NO.D/21','+6281342656564','smp8@gmail.com','-','-','SUKARDI','MURNIATI','','30-10-2017'),
(217062,24,'MUH. FARID SUQRIONO','0044049175','laki-laki','MAKASSAR','30-10-2017','','-','628','smp8@gmail.com','-','-','-','-','','30-10-2017'),
(217063,24,'MUH. ZULVIKAR AFRI PALEWAI','0049175507','laki-laki','MAKASSAR','30-10-2017','','-','628','smp8@gmail.com','-','-','-','-','','30-10-2017'),
(217064,24,'MUH. IKRAM AL-ASHARI','0059882214','laki-laki','MAKASSAR','30-10-2017','','-','628','smp8@gmail.com','-','-','-','-','','30-10-2017'),
(217065,24,'MUH. QUSHAYYI DILAL','0051779524','laki-laki','MAKASSAR','30-10-2017','','-','628','smp8@gmail.com','-','-','-','-','','30-10-2017'),
(217066,24,'MUTMAINNAH NUR HIDAYAH','0053839998','perempuan','MAKASSAR','30-10-2017','','-','628','smp8@gmail.com','-','-','-','-','','30-10-2017'),
(217067,24,'NOVIAN DWI CAHYO','0044770911','laki-laki','MAKASSAR','','','-','628','smp8@gmail.com','-','-','-','-','','30-10-2017'),
(217068,24,'PEBRIYANI PARURA','0050958260','perempuan','MAKASSAR','30-10-2017','','-','628','smp8@gmail.com','-','-','-','-','','30-10-2017'),
(217069,24,'PUTRI MARTINI DOALLO','0050958260','perempuan','MAKASSAR','30-10-2017','','-','628','smp8@gmail.com','-','-','-','-','','30-10-2017'),
(217070,24,'SITTI FADHILLAH SYAMSUDDIN','0053182249','perempuan','MAKASSAR','30-10-2017','','-','628','smp8@gmail.com','-','-','-','-','','30-10-2017'),
(217071,24,'SRI APRIYANA MOLL','0043940004','perempuan','MAKASSAR','30-10-2017','','-','628','smp8@gmail.com','-','-','-','-','','30-10-2017'),
(217072,24,'WIWIK DIAN ANDANA','0051451318','perempuan','MAKASSAR','30-10-2017','','-','628','smp8@gmail.com','-','-','-','-','','30-10-2017'),
(217073,24,'ADETYA LESTARI SUCIANINGSIH ARSYAD','0058970597','perempuan','MAKASSAR','30-10-2017','','-','628','smp8@gmail.com','-','-','-','-','','30-10-2017'),
(217074,24,'AMALIA AZZAHRA. M','0051451330','perempuan','MAKASSAR','30-10-2017','','-','628','smp8@gmail.com','-','-','-','-','','30-10-2017'),
(217075,24,'ANAS MAULANA','0055582203','laki-laki','MAKASSAR','30-10-2017','','-','628','smp8@gmail.com','-','-','-','-','','30-10-2017'),
(217076,24,'ANDI FARDAN FURQANI','0059515395','laki-laki','MAKASSAR','30-10-2017','','-','628','smp8@gmail.com','-','-','-','-','','30-10-2017'),
(217077,24,'ARIQ DZAKWAN MUHAMMAD','0055572362','laki-laki','MAKASSAR','30-10-2017','','-','628','smp8@gmail.com','-','-','-','-','','30-10-2017'),
(217078,24,'AULIA NURUL FADILA','0051142843','perempuan','MAKASSAR','30-10-2017','','-','628','smp8@gmail.com','-','-','-','-','','30-10-2017'),
(217079,24,'AULYA NANDA PUTRI','0054302712','perempuan','MAKASSAR','30-10-2017','','-','628','smp8@gmail.com','-','-','-','-','','30-10-2017'),
(217080,24,'ENRICO SULTAN','0049149550','laki-laki','MAKASSAR','30-10-2017','','-','628','smp8@gmail.com','-','-','-','-','','30-10-2017'),
(217081,24,'GEDE ARYA NARESHANANDA','0054379802','laki-laki','MAKASSAR','30-10-2017','','-','628','smp8@gmail.com','-','-','-','-','','30-10-2017'),
(217082,24,'ILHAM WIRYAWAN SAPUTRA. H','0057213541','laki-laki','MAKASSAR','30-10-2017','','-','628','smp8@gmail.com','-','-','-','-','','30-10-2017'),
(217083,24,'MARDWIYANTI','0051139921','perempuan','MAKASSAR','30-10-2017','','-','628','smp8@gmail.com','-','-','-','-','','30-10-2017'),
(217084,24,'MUH. FAIZ NANDANA IVANSYAH','0058670534','laki-laki','MAKASSAR','30-10-2017','','-','628','smp8@gmail.com','-','-','-','-','','30-10-2017'),
(217085,24,'MUH. ARIEL RESA PERDANA','0051139939','laki-laki','MAKASSAR','30-10-2017','','-','628','smp8@gmail.com','-','-','-','-','','30-10-2017'),
(217086,24,'MUH. SULPANDI','0051139931','laki-laki','MAKASSAR','30-10-2017','','-','628','smp8@gmail.com','-','-','-','-','','30-10-2017'),
(217087,24,'MUHAMAD DZAKY HAR GHANIM','0053773364','laki-laki','MAKASSAR','30-10-2017','','-','628','smp8@gmail.com','-','-','-','-','','30-10-2017'),
(217088,24,'MUHAMMAD NABIEL EL YUSUFI USMAN','0045711248','laki-laki','MAKASSAR','30-10-2017','','-','628','smp8@gmail.com','-','-','-','-','','30-10-2017'),
(217089,24,'MUHAMMAD RASYA','0052354279','laki-laki','MAKASSAR','30-10-2017','','-','628','smp8@gmail.com','-','-','-','-','','30-10-2017'),
(217090,24,'MUHAMMAD VICKY','0051576386','laki-laki','MAKASSAR','30-10-2017','','-','628','smp8@gmail.com','-','-','-','-','','30-10-2017'),
(217092,24,'NABIL RIZQI FAUZI','0055333221','laki-laki','MAKASSAR','30-10-2017','','-','628','smp8@gmail.com','-','-','-','-','','30-10-2017'),
(217093,24,'NAYLA ALFFITAH SUFFENDY','0053313144','perempuan','MAKASSAR','30-10-2017','','-','628','smp8@gmail.com','-','-','-','-','','30-10-2017'),
(217094,24,'NINDI NATASYA LARONGGE','0046699419','perempuan','MAKASSAR','30-10-2017','','-','628','smp8@gmail.com','-','-','-','-','','30-10-2017'),
(217095,24,'NOFIA NUR SAGITA','0046472271','perempuan','MAKASSAR','30-10-2017','','-','628','smp8@gmail.com','-','-','-','-','','30-10-2017'),
(217096,24,'NUR AMALIAH RUSDI','0046884001','perempuan','MAKASSAR','30-10-2017','','-','628','smp8@gmail.com','-','-','-','-','','30-10-2017'),
(217097,24,'PUTRI DWI ARSYANI','0051139934','perempuan','MAKASSAR','30-10-2017','','-','628','smp8@gmail.com','-','-','-','-','','30-10-2017'),
(217098,24,'RAVA GHIRANA RAMADHANI','0044765082','perempuan','MAKASSAR','30-10-2017','','-','628','smp8@gmail.com','-','-','-','-','','30-10-2017'),
(217099,24,'RESKI PUTRI SABRINA','0051451326','perempuan','MAKASSAR','30-10-2017','','-','628','smp8@gmail.com','-','-','-','-','','30-10-2017'),
(217100,24,'RIZQI SABRINA','0052387485','perempuan','MAKASSAR','30-10-2017','','-','628','smp8@gmail.com','-','-','-','-','','30-10-2017'),
(217101,24,'SAUSAN NURUL AISYAH','0059646359','perempuan','MAKASSAR','30-10-2017','','-','628','smp8@gmail.com','-','-','-','-','','30-10-2017'),
(217102,24,'SILFANI','0056620698','perempuan','MAKASSAR','30-10-2017','','-','628','smp8@gmail.com','-','-','-','-','','30-10-2017'),
(217103,24,'SITI ADELIANI ZALSABILA B','0058453238','perempuan','MAKASSAR','30-10-2017','','-','628','smp8@gmail.com','-','-','-','-','','30-10-2017'),
(217104,24,'ST. AISYAH','005145132','perempuan','MAKASSAR','30-10-2017','','-','628','smp8@gmail.com','-','-','-','-','','30-10-2017'),
(217105,24,'ZALWA NABILA ARDINI','0055524809','perempuan','MAKASSAR','30-10-2017','','-','628','smp8@gmail.com','-','-','-','-','','30-10-2017'),
(217107,24,'ZECKLE GEORALDY. F','0049069087','laki-laki','MAKASSAR','30-10-2017','','-','628','smp8@gmail.com','-','-','-','-','','30-10-2017'),
(217108,24,'ZULFIKAR ANGGARAKSA HERRY','0053110463','laki-laki','MAKASSAR','30-10-2017','','-','628','smp8@gmail.com','-','-','-','-','','30-10-2017'),
(217317,24,'A. NABILA BUNGA MAHARANI','0048491699','perempuan','MAKASSAR','07-08-2004','Islam','BTN. Panorama Indah Blok A.6','+6281355362222','nabila@gmail.com','-','-','MUH. AMRAN','A. FITRI PRATIWI','','30-10-2017'),
(217318,24,'ADRIAN DIANDRA','0051576395','laki-laki','MAKASSAR','30-06-2005','Islam','Jl. Pampang Utama No. 18','+6281241005699','adrian@gmail.com','-','-','M. ADY PELLO','INDRA SANTY','','30-10-2017'),
(217319,24,'AFDAL PRABUMUSTI','0059323905','laki-laki','MAKASSAR','02-02-2005','Islam','JLN. BATUA RAYA 9 LR.12 E','+628','afdal@gmail.com','-','-','SARMAN','JUHARIAH','','30-10-2017'),
(217320,24,'AIRELL MUHAMMAD VAREZY','0054095144','laki-laki','BANDUNG','09-04-2005','Islam','Jln. Biring Romang No. 7 Blok I ','+628','airell@gmail.com','-','-','Muhammad Pahlevi Aminullah','Mega Puspa Dewi','','30-10-2017'),
(217321,24,'ALLISA NAYLA NOVAYANTI','0052144756','perempuan','MAKASSAR','30-10-2017','','-','+628','smp8@gmail.com','-','-','-','-','','30-10-2017'),
(217323,24,'ANDI AHMAD SYAHRUL MUBARAK','0053558449','laki-laki','MAKASSAR','30-10-2017','','-','628','smp8@gmail.com','-','-','-','-','','30-10-2017'),
(217324,24,'ANISA RIANTO','0056873706','perempuan','MAKASSAR','30-10-2017','','-','628','smp8@gmail.com','-','-','-','-','','30-10-2017'),
(217325,24,'ASRIYANI RAUF','0052565071','perempuan','MAKASSAR','30-10-2017','','-','628','smp8@gmail.com','-','','--','-','','30-10-2017'),
(217326,24,'AULIA MUSTIKA ISWAR','0055537572','perempuan','MAKASSAR','30-10-2017','','-','628','smp8@gmail.com','-','-','-','-','','30-10-2017'),
(217327,24,'AZ ZAHRA AULIA RAMADHANI','0051530189','perempuan','MAKASSAR','30-10-2017','','-','628','smp8@gmail.com','-','-','-','-','','30-10-2017'),
(217328,24,'DUSTIN EFRAIM BENAYA LAPONDU','0051542299','laki-laki','MAKASSAR','30-10-2017','','-','628','smp8@gmail.com','-','-','-','-','','30-10-2017');

/*Table structure for table `tabel_siswakelas` */

DROP TABLE IF EXISTS `tabel_siswakelas`;

CREATE TABLE `tabel_siswakelas` (
  `id_penempatan` int(11) NOT NULL AUTO_INCREMENT,
  `id_ta` int(5) NOT NULL,
  `id_kelas` int(3) NOT NULL,
  `id_siswa` int(3) NOT NULL,
  PRIMARY KEY (`id_penempatan`),
  KEY `tabel_siswakelas_ibfk_2` (`id_siswa`),
  KEY `id_kelas` (`id_kelas`)
) ENGINE=InnoDB AUTO_INCREMENT=320 DEFAULT CHARSET=latin1;

/*Data for the table `tabel_siswakelas` */

insert  into `tabel_siswakelas`(`id_penempatan`,`id_ta`,`id_kelas`,`id_siswa`) values 
(99,11,40,217001),
(100,11,40,217002),
(101,11,40,217003),
(102,11,40,217004),
(103,11,40,217005),
(104,11,40,217006),
(105,11,40,217007),
(106,11,40,217008),
(107,11,40,217009),
(108,11,40,217010),
(109,11,40,217011),
(110,11,40,217012),
(111,11,40,217013),
(112,11,40,217014),
(113,11,40,217015),
(114,11,40,217016),
(115,11,40,217017),
(116,11,40,217018),
(117,11,40,217019),
(118,11,40,217020),
(119,11,40,217021),
(120,11,40,217022),
(121,11,40,217024),
(122,11,40,217025),
(123,11,40,217026),
(124,11,40,217028),
(125,11,40,217027),
(126,11,40,217029),
(127,11,40,217031),
(128,11,40,217030),
(129,11,40,217032),
(130,11,40,217033),
(131,11,40,217034),
(132,11,40,217035),
(133,11,40,217036),
(134,11,40,217317),
(135,11,40,217318),
(136,11,40,217319),
(137,11,40,217320),
(138,11,38,217037),
(139,11,38,217038),
(140,11,38,217039),
(141,11,38,217040),
(142,11,38,217041),
(143,11,38,217042),
(144,11,38,217043),
(145,11,38,217044),
(146,11,38,217045),
(147,11,38,217046),
(148,11,38,217047),
(149,11,38,217048),
(150,11,38,217049),
(151,11,38,217050),
(152,11,38,217051),
(153,11,38,217052),
(154,11,38,217053),
(155,11,38,217054),
(156,11,38,217055),
(157,11,38,217056),
(158,11,38,217057),
(159,11,38,217058),
(160,11,38,217059),
(161,11,38,217060),
(162,11,38,217061),
(163,11,38,217062),
(164,11,38,217063),
(165,11,38,217064),
(166,11,38,217065),
(167,11,38,217066),
(168,11,38,217067),
(169,11,38,217068),
(170,11,38,217069),
(171,11,38,217070),
(172,11,38,217071),
(173,11,38,217072),
(174,11,38,217321),
(175,11,38,217323),
(176,11,38,217324),
(177,11,39,217073),
(178,11,39,217074),
(179,11,39,217075),
(180,11,39,217076),
(181,11,39,217077),
(182,11,39,217078),
(183,11,39,217079),
(184,11,39,217080),
(185,11,39,217081),
(186,11,39,217082),
(187,11,39,217083),
(188,11,39,217084),
(189,11,39,217085),
(190,11,39,217086),
(191,11,39,217087),
(192,11,39,217088),
(193,11,39,217089),
(194,11,39,217090),
(195,11,39,217092),
(196,11,39,217093),
(197,11,39,217095),
(198,11,39,217094),
(199,11,39,217096),
(200,11,39,217097),
(201,11,39,217098),
(202,11,39,217099),
(203,11,39,217100),
(204,11,39,217101),
(205,11,39,217102),
(206,11,39,217103),
(207,11,39,217104),
(208,11,39,217105),
(209,11,39,217107),
(210,11,39,217108),
(211,11,39,217325),
(212,11,39,217326),
(213,11,39,217327),
(214,11,39,217328),
(215,11,41,216553),
(216,11,41,216001),
(217,11,41,216002),
(218,11,41,216003),
(219,11,41,216004),
(220,11,41,216005),
(221,11,41,216007),
(222,11,41,216008),
(223,11,41,216009),
(224,11,41,216010),
(225,11,41,216011),
(226,11,41,216012),
(227,11,41,216013),
(228,11,41,216014),
(229,11,41,216015),
(230,11,41,216016),
(231,11,41,216017),
(232,11,41,216018),
(233,11,41,216019),
(234,11,41,216020),
(235,11,41,216021),
(236,11,41,216022),
(237,11,41,216023),
(238,11,41,216024),
(239,11,41,216025),
(240,11,41,216026),
(241,11,41,216027),
(242,11,41,216028),
(243,11,41,216029),
(244,11,41,216030),
(245,11,41,216031),
(246,11,41,216032),
(247,11,41,216033),
(248,11,41,216034),
(249,11,41,216035),
(250,11,41,216036),
(251,11,41,216480),
(252,11,41,216482),
(253,11,42,215265),
(254,11,42,215191),
(255,11,42,215268),
(256,11,42,216542),
(257,11,42,215196),
(258,11,42,215082),
(259,11,42,215198),
(260,11,42,216527),
(261,11,42,216558),
(262,11,42,215099),
(263,11,44,215020),
(264,11,42,215101),
(265,11,42,215353),
(266,11,42,215212),
(267,11,42,215396),
(268,11,42,215357),
(269,11,42,215136),
(270,11,42,215137),
(271,11,42,215248),
(272,11,42,215214),
(273,11,42,215025),
(274,11,42,216532),
(275,11,42,215401),
(276,11,42,215254),
(277,11,42,215329),
(278,11,44,215186),
(279,11,42,215145),
(280,11,42,215187),
(281,11,42,215335),
(282,11,42,215190),
(283,11,42,215300),
(285,11,44,215303),
(286,11,44,216533),
(287,11,44,215306),
(288,11,44,216528),
(289,11,44,215275),
(290,11,44,215166),
(291,11,44,215343),
(292,11,44,215240),
(293,11,44,216543),
(294,11,44,215091),
(295,11,44,215315),
(296,11,44,215092),
(297,11,44,215014),
(298,11,44,215095),
(299,11,44,215133),
(300,11,44,216561),
(301,11,44,215282),
(302,11,44,215388),
(303,11,44,215285),
(304,11,44,215322),
(305,11,44,215102),
(306,11,44,215213),
(307,11,44,215021),
(308,11,44,215138),
(309,11,44,215206),
(310,11,44,215218),
(311,11,44,215220),
(312,11,44,215356),
(313,11,44,215293),
(314,11,44,215407),
(315,11,44,215299),
(316,11,44,215225),
(317,11,44,215037),
(318,11,44,215336),
(319,11,44,215408);

/*Table structure for table `tabel_tahunajaran` */

DROP TABLE IF EXISTS `tabel_tahunajaran`;

CREATE TABLE `tabel_tahunajaran` (
  `id_ta` int(5) NOT NULL AUTO_INCREMENT,
  `tahun_ajaran` varchar(20) DEFAULT NULL,
  `tgl_awal` varchar(20) DEFAULT NULL,
  `tgl_akhir` varchar(20) DEFAULT NULL,
  PRIMARY KEY (`id_ta`)
) ENGINE=InnoDB AUTO_INCREMENT=12 DEFAULT CHARSET=latin1;

/*Data for the table `tabel_tahunajaran` */

insert  into `tabel_tahunajaran`(`id_ta`,`tahun_ajaran`,`tgl_awal`,`tgl_akhir`) values 
(11,'2017-2018','27-02-2017','10-03-2018');

/*Table structure for table `tabel_user` */

DROP TABLE IF EXISTS `tabel_user`;

CREATE TABLE `tabel_user` (
  `id_user` int(5) NOT NULL AUTO_INCREMENT,
  `username` varchar(255) DEFAULT NULL,
  `password` varchar(255) DEFAULT NULL,
  `nama` varchar(255) DEFAULT NULL,
  `level` varchar(255) DEFAULT NULL,
  `id_cabang` int(11) NOT NULL,
  `avatar` text,
  `tgl_daftar` varchar(20) DEFAULT NULL,
  PRIMARY KEY (`id_user`)
) ENGINE=InnoDB AUTO_INCREMENT=87 DEFAULT CHARSET=latin1;

/*Data for the table `tabel_user` */

insert  into `tabel_user`(`id_user`,`username`,`password`,`nama`,`level`,`id_cabang`,`avatar`,`tgl_daftar`) values 
(2,'admin','21232f297a57a5a743894a0e4a801fc3','Ikhsan','administrator',1,'12822290_1106634079379164_567268731_n.jpg','2016-09-18'),
(66,'8920','e9ee75b57bb1303190c8869621cad05b','Heri','guru',0,'guru-lk.png','2017-Apr-08'),
(68,'8990','e9ee75b57bb1303190c8869621cad05b','erna','guru',0,'guru-pr1.png','2017-Oct-01'),
(69,'8910','e9ee75b57bb1303190c8869621cad05b','Beni','guru',0,'guru-lk.png','2017-Oct-01'),
(70,'6789','e9ee75b57bb1303190c8869621cad05b','Nadya','guru',0,'12445990_999893366752660_216565023_n.jpg','2017-Oct-09'),
(72,'196511281992032007','e9ee75b57bb1303190c8869621cad05b','HJ. RISMAWATI, S.Pd','guru',0,'guru-pr1.png','2017-Nov-14'),
(74,'196501271987032011','202cb962ac59075b964b07152d234b70','HJ. NURDIANA NAWIR, S.Pd.M.SI','guru',0,'','2017-Oct-30'),
(76,'198401302006042008','202cb962ac59075b964b07152d234b70','ARSIYANI USMAN, S.Pd','guru',0,'','2017-Nov-05'),
(77,'197002091995121002','e9ee75b57bb1303190c8869621cad05b','ABDUL HARIS KURNIAWAN','guru',0,'guru-lk.png','2017-Nov-05'),
(78,'196810111998032003','e9ee75b57bb1303190c8869621cad05b','HERAWATI,S.,S.Pd','guru',0,'guru-pr1.png','2017-Nov-09'),
(79,'196402181984112002','e9ee75b57bb1303190c8869621cad05b','SITTI HARTINI, S.Pd','guru',0,'guru-pr1.png','2017-Nov-09'),
(80,'196612311991031090','e9ee75b57bb1303190c8869621cad05b','ABDUL KARIM','guru',0,'guru-lk.png','2017-Nov-09'),
(81,'198011212008012014','e9ee75b57bb1303190c8869621cad05b','ADRIANA','guru',0,'guru-pr1.png','2017-Nov-09'),
(82,'196312311997021003','e9ee75b57bb1303190c8869621cad05b','AMBO ANGKA','guru',0,'guru-lk.png','2017-Nov-09'),
(83,'197710102008012016','e9ee75b57bb1303190c8869621cad05b','AMIRA TANRA','guru',0,'guru-pr1.png','2017-Nov-09'),
(84,'195711271983012002','e9ee75b57bb1303190c8869621cad05b','ANDI ALANG PAS','guru',0,'guru-lk.png','2017-Nov-09'),
(85,'196812311992031071','e9ee75b57bb1303190c8869621cad05b','ANDI MUH HARWING','guru',0,'guru-lk.png','2017-Nov-09'),
(86,'197008021998021002','e9ee75b57bb1303190c8869621cad05b','SUDIHAK, S.Pd.,M.Pd','guru',0,'guru-lk.png','2017-Nov-09');

/*!40101 SET SQL_MODE=@OLD_SQL_MODE */;
/*!40014 SET FOREIGN_KEY_CHECKS=@OLD_FOREIGN_KEY_CHECKS */;
/*!40014 SET UNIQUE_CHECKS=@OLD_UNIQUE_CHECKS */;
/*!40111 SET SQL_NOTES=@OLD_SQL_NOTES */;
